10300,0,0,0,0,0
10301,0,0,0,0,0
10302,0,0,0,0,0
10303,0,0,0,0,0
10304,1,0,0,0.666666667,0.666666667
10305,0,0,0,0,0
10306,0,0,0,0,0
10307,0.25,0,1,0,1
10308,0.1666667,0,0,0,0
10309,0.6666667,0,0,0,0
10310,0.6666667,0,0,0,0
10311,0,0,1,0,1
10312,0,0,0,0,0
10313,0,0,0,0,0
10314,1,0.6666667,0,0,0
10315,0,0,0.666666667,0,0
10316,0,0,0,0,0
10317,0,0.6666667,0,0,0
10318,0.1818182,1,0,0,0
10319,0,0,0,0,0
10320,0,0,0,0,0
10321,0.6666667,0,0,0,0
10322,0,0,0.666666667,0,0
10323,0,0,0,0,0
10324,0.6666667,0,1,1,1
10325,0,0,0,0,0
10326,0,0,0,0,0
10327,0,0,0.666666667,0,0
10328,0,0,0.666666667,0,0.666666667
10329,0,0,0,0,0
10330,0,0,0,0,0
10331,0.09090909,0,0,0,0
10332,0,0,0,0,0
10333,0,0,0,0,0
10334,0,0,0,0,0
10335,0,0,0,0,0
10336,0,0,0,0,0
10337,0,0,0,0.5,0.5
10338,0.6666667,0,0,0,0
10339,1,0,0,0,0
10340,0,0,0,0,0
10341,0,0,0,0,0
10342,1,0,0,1,1
10343,0,0,0,0,0
10344,0.25,0,0,0,1
10345,1,1,0,0,1
10346,0.5,0,0,0,0
10347,0,0,0,0,0
10348,0,0,0,0,0
10349,1,0.5,0,1,0
10350,0,0,0,0,0
10351,0,0,0,0,0
10352,0,0,0,0,0
10353,1,0,0,0,0
10354,1,0,0,0,0
10355,0.4,0,0,0,0
10356,1,0,0.5,0,0
10357,0,0,1,0,0
10358,0,0,0,0,0
10359,0,0.6666667,0,0,0
10360,0,0,0,0,0
10361,0,0,0,0,0
10362,0,0,0,0,0
10363,0,0,1,1,1
10364,0,0,0,0,0
10365,0,0,0,0,0
10366,0,0,0,0,0
10367,0,0,0.666666667,0,0
10368,0.06060606,0,0,0,0
10369,0,0,0,0,0
10370,0,0.3333333,0,0,1
10371,0,0,0,0,0
10372,0.1666667,0.5,0.666666667,0,0
10373,0,0,0,0,0
10374,0,0,0,0,0
10375,0,0.6666667,0,0,0
10376,0,0,1,0,1
10377,0,0,0,0,0
10378,0.1666667,0,0,0,0
10379,0.1538462,0,0,0,0
10380,0.6666667,0,0,0,0
10381,0,0,0,0,0
10382,0,0,1,0,0
10383,0,0,0.666666667,0,0
10384,1,0,0,0,0
10385,0,0,0,0,0.666666667
10386,0.09090909,0,0,0,0
10387,0,0,0,0,0
10388,0.1538462,0,0,0,0.666666667
10389,0.4,0,1,0,1
10390,0,0,0,0,0
10391,0,0,0,0,0
10392,0.08695652,0,0.666666667,0,0
10393,0,0,0.666666667,0,0.666666667
10394,0,0,0,0,0
10395,0,0,0,0,0
10396,0.1818182,0,0.666666667,0,0
10397,0,0,0,0,0
10398,0,0,0,0,0
10399,0.1666667,0,0.666666667,0.666666667,0
10400,0,0,0,0,0
10401,0,0,0.8,0,0
10402,1,0,1,1,1
10403,1,0,1,1,1
10404,1,1,0,1,0
10405,0,0,1,0,1
10406,0,0,0,0,0
10407,0.1666667,0.6666667,0,0,0
10408,0,0.6666667,1,0,1
10409,0.6666667,0,1,0,0
10410,1,0,0,1,1
10411,0,0,0,0,0.666666667
10412,0,0,1,0,0
10413,0,0,0,0,0
10414,0,0,1,0,1
10415,0,0,0,0,0
10416,0,0,0,0,0
10417,0,0,0,0,0
10418,0,0,0.666666667,0,0.666666667
10419,0,0,0,0,0
10420,0,0,0,0,0
10421,0.1666667,0,0,0,0
10422,0.1666667,0.6666667,0,0,0
10423,0.1333333,0,0,0,0
10424,0,0,1,0,1
10425,0,0,0,0,0
10426,0,0,0,0,0
10427,0,0,0,0,0
10428,1,0,0,0,0
10429,1,1,0,0,0
10430,1,0,0,0,1
10431,0,0,0,0,0
10432,0.6666667,0,0.666666667,0,0
10433,0.6666667,0,0,0,0
10434,0,0,0,0,0
10435,0,0,0.5,0,0
10436,0,0,0,0,0
10437,0,0,1,0,1
10438,0,0,0,0,0.666666667
10439,0,0,0,0.666666667,0
10440,0,0,0.666666667,0,0
10441,1,0,0,1,1
10442,0,0,0.666666667,0,0
10443,0.5,0,0.5,0,0
10444,0,0,0,0,0
10445,1,0,0,0,0
10446,0.09090909,0,0,0,0
10447,0,0,0,0,0
10448,0,0,0.8,0,0
10449,0.2857143,0,0.5,0.666666667,0
10450,0,0,0,0,0
10451,0,0,0,0,0
10452,0,0,0.666666667,0,0.666666667
10453,0,0,1,0,0
10454,0,0,0,0,0
10455,0.1666667,0,0,0,0
10456,0.0625,0,0,0,0
10457,0,0,0,0,0
10458,0.6666667,0,0,0,0
10459,0,0,0,0,0
10460,0,0,0,0,0
10461,0,1,0,0.5,0
10462,0,0,0,0,0
10463,0,0,0,0,0
10464,0,0,0.666666667,0,0.5
10465,0,0,0,0,0
10466,0.1333333,0,0,0,0
10467,1,0,1,1,1
10468,0,0,0,0,0
10469,1,0,1,0,0
10470,0,0,0.5,0,0.666666667
10471,0.1538462,0,0.666666667,0,0
10472,0,1,0.5,0,0
10473,0,0,0,0,0
10474,1,0,0,0,0
10475,0,0,0,0,0
10476,0,0,0,0,0
10477,1,0,0,0,0.5
10478,0.1666667,0,0,0,0
10479,0,0,0,0,0
10480,0,0,0,0,0
10481,0,0,0,0,0
10482,0,0,0,0,0
10483,0,0,0,0,0
10484,0.3333333,0,0,0,0
10485,1,0,0,0,0
10486,0,0,0,0,0
10487,0,0,0,0,0
10488,1,0,0.666666667,0,0
10489,0.2222222,0,0,0,0
10490,0,0,0,0,0
10491,0,0.6666667,0.666666667,0,0.666666667
10492,0,0,0,0,0
10493,0,0,0,0,0
10494,1,0,0.4,0,0.666666667
10495,0,0.3333333,0,0,0
10496,0,0,0,0,0
10497,0,0,0,0,0
10498,0.5,0,0,0,0
10499,0,0,0,0,0
10500,0,0,0.666666667,0,0
10501,1,0,0,0,0
10502,0,0,0,0,0
10503,0.5,0,1,0,1
10504,0.6666667,0,0.666666667,0,0.666666667
10505,0,0,0,0,0
10506,0,0.5,0.666666667,0,0.666666667
10507,0,0,0,0,0
10508,0,0,0,0,0
10509,0,0,0,0,0
10510,0,0,0,0,0
10511,0,0.6666667,0.666666667,0,0.666666667
10512,0.6666667,0,0.666666667,0,0
10513,1,1,0,1,1
10514,0.5,1,0.666666667,0,0
10515,0.6666667,0,0,0,0
10516,0,0,1,0,0
10517,0,0,0,0,0
10518,0,0,0,0,0
10519,0,0,0,0,0
10520,0,0,0,0,0
10521,0,0,0,0,0
10522,0,0,0,1,0
10523,0,0,0,0,0
10524,0,0,0,0,0
10525,0,0,0,0,0
10526,0,0,0,0,0
10527,0,0,0.666666667,0,0
10528,0,0,0,0,0
10529,0,0.3333333,0,0,0
10530,0,0,0,0,0
10531,0.6666667,0,0,1,1
10532,0.25,0,0,0,0
10533,0,0,0,0,0
10534,0,0,0,0,0
10535,0,0,0,0,0
10536,0,0,0,0,0
10537,0,0,0,0,0
10538,1,1,1,0,0
10539,1,0,1,1,1
10540,0,0,0,0,0
10541,0,0,0,0,0
10542,1,0,0.666666667,0,0
10543,0,0,0,0,0
10544,0,0,0,0,0
10545,0,0,0,0,0
10546,0.2,0,0,0,0
10547,0.1428571,0.4,1,0,0
10548,1,1,0,1,0
10549,0,0,0.666666667,0,0.666666667
10550,0,0,0.5,0,0
10551,0,0,0,0,0
10552,0,0,0,0,0
10553,0,0,0.5,0,0
10554,0,0,0,0,0
10555,0,0,0,0,0
10556,0,0,1,0,0
10557,0.1428571,1,0.666666667,0,0
10558,0,0,0,0,0
10559,0,0,0,0,0
10560,0,0,0,0,0
10561,0,0,0,0,0
10562,0,0,0,0,0
10563,0.4,0,0,1,0.666666667
10564,0,0,0.666666667,0,0
10565,0,0,0,0,0
10566,0,0,0,1,0
10567,0,1,0,0,0
10568,0,0,0,0,1
10569,0,0,0,0,0
10570,0,0,0,0,0
10571,0,0,0,0,0
10572,0,0,0,0,0
10573,0.04761904,0,0,0,0
10574,0.1333333,0,0,1,0
10575,0,0.5,1,1,1
10576,0,0,0,0,0
10577,0,0,0.666666667,0,0
10578,0,0,0.666666667,0,1
10579,0,0,0,0,0
10580,0,0,0,0,0
10581,0,0,0,0,0
10582,0,0,0,0,0
10583,0,1,0,0,0
10584,0.1176471,0,0.666666667,0,0
10585,0.5,0,0,0,0
10586,1,0,0.666666667,0,0.666666667
10587,0.6666667,1,0,0,0
10588,0.0952381,0,0,0,0
10589,0,0,0,1,0
10590,0,0,0,0,0
10591,0,0,0,0,0
10592,0.1333333,0,0,0,0
10593,0,0,0,0,0
10594,0,0,0,0,0
10595,0,0,0,0,0
10596,0.6666667,0,1,0,0
10597,0.1111111,0,0,0.666666667,0
10598,0,0,0,0,0
10599,0.5,0,1,0,1
10600,0,0.6666667,0,0,0
10601,0,0,0,0,0
10602,0.4,0,0,0,1
10603,0,0,0,0,0
10604,0.09090909,1,0.5,0,0
10605,0,0,0,0,0
10606,0,0,0,0,0
10607,0,0,0,0,0
10608,0,0,0,0,0
10609,1,1,0,0,0
10610,0,0,0,0,0
10611,0,0,0,0,0
10612,1,0,0,1,0
10613,0.6666667,0,0,0,0
10614,0,0,0,0,0
10615,0,0,0,0,0
10616,0,0,0,0,0
10617,0,0.6666667,0,0,0
10618,0,0,0,0,0
10619,0.1538462,0,1,0,0
10620,0,0,0,0,0
10621,0,0,0,0,0.5
10622,0,0,0,0,0.666666667
10623,1,0,0,1,1
10624,0.1666667,0,0.5,0,0
10625,1,0.6666667,0.5,0,0
10626,0,0,0,0,0
10627,0.1538462,0,1,0,0
10628,1,0,0,1,0
10629,0,0,0,0,0
10630,0,0,0,0,0
10631,0,0,0,0,0
10632,0,0,0,0,0
10633,0,0,0,0,0
10634,0,0,0,0,0
10635,0.6666667,0,0,0,0
10636,1,0,1,0,0
10637,0,0,0,0,0
10638,0.09090909,0,0,0,0.666666667
10639,0,0,0,0,0
10640,0,0,0.666666667,0,0.666666667
10641,0.6666667,0,0,0,0
10642,0,0,0,0,0
10643,0,0,0,0,0
10644,1,0,0,0,0.666666667
10645,0.2857143,0,0,0,0
10646,1,0,0,1,0
10647,0,0,0,0,0
10648,0,0,0,0,0
10649,0,0,0.5,0,0
10650,0,0,0,0,0
10651,0,0,0,0.666666667,0
10652,0,0,0,0,0
10653,0,0,0,0,0
10654,0.2,0,0,0,0
10655,0,0,0,0,0
10656,0,0,0,0,0
10657,0,0,1,0,1
10658,0,0,0,0,0
10659,0,1,0,0,1
10660,0.1666667,0,1,0,0
10661,0.5,0,0.666666667,0,0
10662,0.1666667,0,0,0,0
10663,0,0,0,0,0
10664,0.09090909,0,0.666666667,0,0
10665,0.4,1,0,0,0
10666,0,0,0,0,0
10667,0,0,0,0,0
10668,0,0,1,0,0
10669,1,0,0,0,0
10670,0,0.5,0,0,0
10671,0,0,0,0,0
10672,0,0,0,0,0
10673,0,0,0,0,0
10674,0,0.5,0,1,1
10675,0,0,0,0,0
10676,0,0.3333333,0,0,0
10677,0,0,0,0,0
10678,1,1,0,0,0
10679,0,0,0,0,0
10680,0,0,0,0,0
10681,0,0,0,0,0
10682,1,0,0,0,0
10683,0,0,0,0,0
10684,0.1666667,0,0.666666667,0.666666667,0.666666667
10685,0,0,0,0,0
10686,1,0,1,0,1
10687,0,0,0.666666667,0,0
10688,0,0,0,0,0
10689,0,0,0.666666667,0,0.666666667
10690,0,0,0,0,0
10691,1,0,1,1,1
10692,0,0,0,0,0
10693,0,0,0,0,0
10694,0,0,0,0,0
10695,0.3333333,0,0,0,0
10696,0.1666667,0.6666667,0,0,1
10697,1,0,1,1,1
10698,0.6666667,0,0,0,0
10699,0,0,0,0,0
10700,0,0,1,1,1
10701,0,1,0,0,0
10702,0,0,0,0,0
10703,0,0,0,0,0
10704,0,0,0,0,0
10705,0,0,0,0,0
10706,0,0,0,0,0
10707,0,0,0,0,0
10708,0,0,0,0,0
10709,0,0,0,0,0
10710,0.25,0,0,0,0
10711,0,0,0,0,0
10712,0,0,0,0,0
10713,0,0,0,0,0
10714,0,0,0,1,0
10715,0,0,0,0,0
10716,0,0,0,0,0
10717,0.4,0,0,0,0
10718,0,0,0,0,0
10719,0,0,0,0,0
10720,0,0,0.666666667,0,0
10721,0,0,0,0,1
10722,0.1428571,0,0,0,0
10723,0,0,0,0,0
10724,0,0,0,0,0
10725,1,0,1,0,1
10726,0,0,0,0,0
10727,0,0,0,0,1
10728,0.09090909,0,0,0.5,0
10729,0,0,0,0,0
10730,0.1538462,0.6666667,0,0,0
10731,1,0,0.666666667,0,0
10732,0,0,0,0,0
10733,1,0,1,0.666666667,0.666666667
10734,0,0,0,0,0
10735,0,0,0,1,0
10736,0,0,0,0,0
10737,0,0,0,0,0
10738,0,0,0,0,0
10739,0,0,0,0,0
10740,1,0,0.666666667,0,0.666666667
10741,0,0,0,0,0
10742,0.2,0,0,1,1
10743,0,0,0,0,0
10744,0,0,0,0,0
10745,0,0,0,0,0
10746,0,0,0,0,0
10747,0,0,1,0,0
10748,1,0,1,0,1
10749,0,0,0,0,0
10750,1,0,0,0,0
10751,0,0,0,0,0
10752,0,0,0,0,0
10753,0,0,0,0,0
10754,0,0,0,0,0
10755,0.6666667,0,0,1,0
10756,0,0,0,0,0
10757,1,0,0,0,0
10758,0,0,0,0,0
10759,0,0,0,0,0
10760,0.08000001,0,0,0,0
10761,0,0,0,0,0
10762,0.2,0,1,0,0
10763,0,0.4,1,1,1
10764,0.5,0,0,0,0
10765,0.25,0,0.666666667,0,0.666666667
10766,1,0,0,0,0
10767,0,0,0,0,0
10768,0.1428571,0,0,0,0
10769,1,0,0,0,0
10770,0,0,0,0,0
10771,0,0,0.666666667,0,0
10772,0,0,0,0,0
10773,0,0,0,0,0
10774,0,0,0,0,0
10775,0,0,0,0,0
10776,0,0,0,0,0
10777,0,0,0,0.666666667,0
10778,0,0,0,0,0
10779,0.6666667,0,0,0,0
10780,0,0,0,0,0
10781,1,0,0,0,0
10782,0,0,0,0,0
10783,0,0,0,0,0
10784,0.6666667,0,0,0,0
10785,0.3333333,0,0,0,0
10786,0,0,0,1,0
10787,0,0,0,0,0
10788,1,0,0,0,0
10789,0,0,0,0,0
10790,0.2857143,1,0,0,0
10791,0,0,0,0,0
10792,1,0,1,0,1
10793,0,0,0,0,0
10794,0,0.4,0.666666667,0,0.666666667
10795,0,0,0,0,0
10796,0,0,1,0,1
10797,0,0,0,0,0
10798,0.09090909,0,0.666666667,0,0
10799,0,0,0,0,0
10800,0.2,0,0,0,0
10801,0,0,1,0,0
10802,0.2,0,0,0,0
10803,0,0,0,0,0
10804,1,0,0,0,0
10805,1,0,0,1,0
10806,0,0,0,0,0
10807,0,0,0.666666667,0,0.666666667
10808,0.1052632,0,0,0,0
10809,0,0,0,0,0
10810,0,0,0,0,0
10811,0,0,1,0,0
10812,0.6666667,0,0,0,0
10813,0,0,0,0,0
10814,0,0,0,0,0
10815,0.125,0,0,0,0
10816,0.6666667,0,1,0,1
10817,0,0,0,0,0
10818,1,0,0,0,0
10819,0,0,0,0,0
10820,0,0,0,0,0
10821,0,0,0,0,0
10822,0,0,0,0,0
10823,0.4,0,0,0,0
10824,0,0,0,0,0
10825,0.09090909,0,0.5,0,0
10826,0,0,0,0,0
10827,0,0,1,0,0
10828,0,0,0,0,0
10829,0.2857143,0,0,1,1
10830,1,0,1,1,1
10831,0.08000001,0,1,0,0.666666667
10832,0,0,0,0,0
10833,0.6666667,0,1,0,0
10834,0,0,0,0,0
10835,0.1666667,0,1,0,0
10836,1,0,0,0,0
10837,1,0,1,0,0.666666667
10838,0,0,0,0,0
10839,0,0,0,0,0
10840,0,0,0,0,0
10841,1,0,0,0,0
10842,0,0,0,0,0
10843,0.6666667,0,0,1,0
10844,0,0,0,0,0
10845,0,0,0,0,0
10846,0,0,0,0,0
10847,0,0,0.666666667,0,0
10848,0,0,0.5,0,0
10849,1,0,0,1,1
10850,0,0,0,0.666666667,0
10851,0,0,0,0,0
10852,0,0,0,0,0
10853,1,0,0,0,1
10854,0,0,0,0,0
10855,1,0,1,1,1
10856,0,0,0,0,0
10857,0,0,0,0,0.666666667
10858,0,0,0.666666667,0,0
10859,1,0,0.8,0,0
10860,0.5,0,0,0,0
10861,0,0,0,0,0
10862,0,0,0,0,0
10863,1,0,0,0,0
10864,0,0,0,0,0
10865,0,0,0,0,0
10866,0,0,0.666666667,0,0.666666667
10867,0,0,0,0,0
10868,0,0,0,0,0
10869,0,0,0,0,0
10870,0,0,0,0,0
10871,0,0,0,0,0
10872,0.4,0,0,0,0
10873,1,0,0.666666667,0,0
10874,0,0,0,0,0
10875,0,0,0.666666667,0,0.666666667
10876,0.5,0,0,0,0
10877,0,0,0,0,0
10878,0,0,0,0,0
10879,0,0,0,0,0
10880,0,0,0.666666667,0.666666667,0.666666667
10881,0,0,0,0,0
10882,0,0,0,0,0
10883,0,0,0.666666667,0,0.666666667
10884,0.1333333,0,0.666666667,0,0.666666667
10885,1,0,0.5,0,0
10886,0,0,0,0,0
10887,0,0,0.666666667,0,0.666666667
10888,0.6666667,0,1,1,1
10889,1,0,1,0,0
10890,0,0,0,0,0
10891,0,0,0,0,0
10892,0.1,0,0,0,0
10893,0,0,0,1,1
10894,0,0,0,0,0
10895,0,0,0,0,0
10896,0,0,0,0,0
10897,0,0,0,0,0
10898,0,0,0,0,0
10899,1,0,0,0,0
10900,0,0,0,0,0
10901,0,0,0,0,0
10902,0,0,0,0,0
10903,0,0,0,0,0
10904,0,0,0,0,0
10905,0,0,0,0,0
10906,1,0,0,0,0
10907,0.06896552,0,0,0,0
10908,1,0,1,1,1
10909,1,0,0,0,0
10910,0,0,0,0,0
10911,0,0,0,0,0
10912,0,0,0,0,0
10913,0.09090909,0,0.666666667,0,0
10914,0,0,0,0,0
10915,0.2,0,0,1,1
10916,0.09090909,0,0,0,0
10917,0,0,0,0,0
10918,0,0,0,0,0
10919,0,0,0,0,0
10920,0,0,0,0,0
10921,0,0,0,0.666666667,0
10922,0,0,1,0,0
10923,0.1666667,0,0,0,0
10924,0,0,0,0,0.666666667
10925,0,0,0,0,0
10926,0.1818182,0,0,0,0
10927,0.1538462,0,0,1,0
10928,0,0,0,0,0
10929,0,0,0,0,0
10930,1,0,0,1,0
10931,0,0,0,0,0
10932,0.2,0,0,0,0
10933,1,0,0,0,0
10934,0,0,0,0,0
10935,0,0,1,0,1
10936,0,0,0,0,0
10937,0,0,0,0,0
10938,0,0,0,0,0
10939,0,0,0,0,0
10940,0.6666667,0,0,0,0.666666667
10941,0,0,0,0,0
10942,1,0,1,0,1
10943,0,0,0,0,0
10944,0.6666667,0,0.666666667,0,0
10945,0,0,0.666666667,0,0
10946,0,0,0,0,0
10947,0.1666667,0,0,0,0
10948,0,0,0,0,0
10949,0,0,0,0,0
10950,0,0,0,0,0
10951,0,0,0,0,0
10952,0,0,0,0,0
10953,0,0,0,0,0
10954,0,0,0,0,0
10955,0,0,1,1,1
10956,0,0,0,0,0
10957,0.1428571,0,0,0,0.666666667
10958,0.08695652,0,0,0,0
10959,0.25,0,0,0,0
10960,0,0,0,0,0
10961,1,0,0,0,0
10962,0,0,0.666666667,0,0
10963,0.5,0,0,0,0
10964,0,0,0,0,0
10965,1,0,1,1,1
10966,0,0,1,0,0
10967,0,0,0,0.666666667,0
10968,0,0,0,0,0
10969,0,0,1,0,1
10970,0,0,0,0,0
10971,0,0,0,0,0
10972,1,0,0,0,0
10973,1,0,0,1,0
10974,0.1111111,0,0,0,0
10975,0,0,0,0,0
10976,0,0,0,0,0
10977,0.1538462,0,0,0,1
10978,0,0,0,0,0
10979,1,0,1,0,0
10980,0,0,0,0,0
10981,0,0,0,0,0
10982,0,0,0,0,0
10983,0.1666667,0,0,0,0
10984,0,0,0.666666667,0,1
10985,0.4,0,0,0,0
10986,0.1666667,0,1,0,0
10987,0,0,0,0,0
10988,0,0,0,0,0
10989,0,0,0,0,0.666666667
10990,0,0,0,0,0
10991,0,0,0,0,0
10992,0.1666667,0,1,0,0
10993,0,0,0,0,0
10994,0.1428571,0,0,0,0
10995,0,0,0.666666667,0,1
10996,0,0,0,0,0
10997,0,0,0.5,0,0
10998,0,0,0,0,0
10999,0,0,0,0,0
11000,0.1538462,1,1,0,1
11001,0.1818182,0.6666667,0,0,0
11002,0.6666667,0,0.666666667,0,0
11003,0,0,0,0,0
11004,0,0,0,0,0
11005,1,1,0,0,0
11006,0,0,0,0,0
11007,0,0,0,0,0
11008,0,0,0,0,0
11009,0,0,0,0,0.5
11010,0.1666667,0,0,0,1
11011,1,0,1,1,1
11012,0,0,1,1,0.666666667
11013,0.6666667,0.5,0,1,1
11014,0,0,1,0,0
11015,0.6666667,0,1,0,1
11016,0.0625,0,0,0,0
11017,0,0,0,0,0
11018,0,0,0,0,0
11019,0,0,0,0,0
11020,0.1666667,0,0,1,1
11021,0,0.5,0,0,0
11022,0.2857143,0,0,0,0
11023,0,0,0,0,0
11024,0,0,0,0,0
11025,0,0,0,0,0
11026,0,0,1,0,1
11027,1,0.6666667,1,1,1
11028,0,1,0,0,0
11029,0,0,0,0,0
11030,0,0,0,0,0
11031,0,0,0,0,0
11032,0.1538462,0,0.666666667,0,0
11033,0,0,0,0,0
11034,0,0,0,0,0
11035,0.1666667,0,0.666666667,0,0
11036,0,0,0,0,0
11037,0,0,0,0,0
11038,0,0,1,1,1
11039,0,1,0,0,0
11040,0,0,0,0,0
11041,0,0,0,0,0
11042,0,0,1,0,0
11043,0,0.5,0,0,0
11044,0,0,0,0,0
11045,1,1,0,0,0
11046,0,0,0,0,0
11047,0,0,0,0,0
11048,0,0,0,0,0
11049,0,0,1,0,1
11050,0,0,0,0,0
11051,0,0,0,0,0
11052,0.1538462,0,0,0,0
11053,1,0.6666667,1,0,1
11054,0,0.5,0,0,0
11055,0,0,0,1,1
11056,1,1,0,1,1
11057,0.1666667,1,1,0,0
11058,0.04545455,0,0,0,0
11059,0,0,0,0,0
11060,0.5,0,0,0,0
11061,0,0,0,0,0
11062,0.1538462,0.6666667,1,0,0.666666667
11063,0,0,0,0,0
11064,0,0,0.666666667,0,0
11065,0.08695652,0,0,0,0
11066,0,0,1,0,1
11067,0,0,1,0,0
11068,1,0,0,1,0
11069,0,0,0,0,0
11070,0,0,0,0,0
11071,0.4,0,0,0,0
11072,0,0,0,0,0
11073,0,0,0,0,0
11074,0,0,0,0,0
11075,0,0,0.666666667,0,0.666666667
11076,0,0,0,0,0
11077,0.1333333,0,0,0,0
11078,0.1818182,1,0,0,1
11079,1,0,1,0,1
11080,0,0,1,0,0
11081,0,0,0,0,0
11082,0.1818182,0,0,0,0
11083,0,0,0,0,0
11084,0,0,0,0,0
11085,0,0,0,0.666666667,0
11086,0,0.5,1,0,0
11087,0,0,0,0,0
11088,1,0,0,1,0.666666667
11089,0,0,0,0,0
11090,0,0,0,0,0
11091,0.2,0,0.666666667,0,0
11092,0,0,0,0,0
11093,0.6666667,0,0.666666667,0,0
11094,0.1818182,0,0,0,0
11095,0,0,0,0,0
11096,1,0.5,0.666666667,0,0
11097,0,0,0,0,0
11098,1,0,0,1,0
11099,0.6666667,0,0,0,0
11100,0,0,0,0.666666667,0.666666667
11101,0,0,0,0,0
11102,0,0,0,0,0
11103,0.25,0,0.5,0,0
11104,0,0.3333333,1,0,1
11105,0,0,0,0,0
11106,1,0,0,0,0
11107,0,0,0,0,0
11108,1,0,0,0,0
11109,0,0,0,0,0
11110,0,0,0.666666667,0,0
11111,0,0,0.666666667,0,0.666666667
11112,0,0,0,0,0
11113,0,0,0,0,0
11114,0,0,0,0,0
11115,0,0,0,0,0
11116,1,0,0,1,0
11117,1,0,0,1,0
11118,1,0,0.5,0,0
11119,0,0,0,0,0
11120,0,0,0,0,0
11121,0,0,0,0,0
11122,0,0,0,0,0
11123,0,0,0,0,0
11124,0.4,0.6666667,0.5,0,0.666666667
11125,0,0.3333333,0,0,0.666666667
11126,0.09090909,0,0.666666667,0,0.666666667
11127,0,0,0.666666667,0,0
11128,1,0,0,0,1
11129,0,0,0,0,0
11130,0.1052632,0.4,0.666666667,0,0.5
11131,0,0.6666667,1,1,1
11132,0,0,0,0,0
11133,0.09090909,0.6666667,0,0,0
11134,0.1666667,0,0,0,0
11135,1,0,0.666666667,0,1
11136,0,0,0,0,0
11137,0,0,0,0,0
11138,0.2,0,0,0,0
11139,0,0,0,0,0
11140,0.1,0,0.666666667,0,0.666666667
11141,0,0.6666667,0,0,0
11142,0,0,0,0,0
11143,0,0,0,0,0
11144,0,0,0,0,0
11145,0,0,0.666666667,0,0
11146,0,0.4,0.666666667,0,0.666666667
11147,0,0.5,0.666666667,0.666666667,0.666666667
11148,0,0,0,0,0
11149,0.1333333,0,1,0,1
11150,0,0,0,0,0
11151,1,1,1,1,1
11152,0.05882353,0,0,0,0
11153,1,0,0,0,0
11154,0,0,0,0,0
11155,0,0,0,0,0
11156,0.07692307,0,0,0,0
11157,0.1111111,0,1,0,1
11158,0,0,0,0,0
11159,0,0,0,0,0
11160,0,0,0,0,0
11161,1,0.4,0,0,0
11162,0,0,0,0,0
11163,0,0.4,0,0,0
11164,0,0,0,0,0
11165,0.25,1,0,0,0
11166,0,0,0,0,0
11167,0.6666667,0,0.666666667,0,0
11168,0,0,0,0,0
11169,0.6666667,1,0,0,0
11170,0,0,0,0,0
11171,1,0.6666667,0,0,0
11172,0,0,0,0,0
11173,0.6666667,1,0,0,0
11174,0,0,0,0,0
11175,0,0,0.5,0,0
11176,0,0,0,0,0
11177,0,0,0,0,0
11178,0.0625,0,0,0,0
11179,0,0,0,0,0
11180,1,0,0,0,0
11181,0.1538462,0,0.5,0,0.666666667
11182,0,0,0,1,1
11183,0,0.6666667,0,0,0
11184,1,0,0,1,1
11185,1,0,0,0,0
11186,0.1052632,0,0,0,0
11187,0.6666667,0,0,0,0
11188,0,0,0,0,0
11189,0,0,0,0,0
11190,0,0,0,0,0
11191,0,0,0,0,0
11192,0,0,0,0,0
11193,0,0,0,0,0
11194,0,0,0,0,0
11195,0.2,0,0,0,0
11196,0,0,0,0,0
11197,0,0,0,0,0
11198,0,0,0.666666667,0,0.666666667
11199,0,0,0,0,0
11200,0.2857143,0,1,0,1
11201,0.6666667,1,0,0,0
11202,0,0,1,0,0
11203,0,0,0,0,0
11204,0.1176471,0,1,0,0
11205,1,0,0,1,0
11206,0.3333333,0,0,1,1
11207,0,0,0,0,0
11208,0,0,0,0,0
11209,1,0,0,0,0
11210,0,0,0.666666667,0,0
11211,0.5,0,0,0,0
11212,0.6666667,0,0,0,0
11213,0,0,0,0,0
11214,0,0,0,1,0
11215,0,0,0,0,0
11216,0.1666667,0,1,0,0
11217,0,0,0,0,0
11218,0,0.5,0,0,0
11219,0,0,0.666666667,0,0
11220,0.1666667,1,0,0,0
11221,1,0,0.666666667,0,0.666666667
11222,0,0,0,0,0
11223,0,0,0,0,0
11224,0.1538462,0,0,0,0
11225,0,0,1,0,0
11226,0,0,0,0,0
11227,0,1,1,0,1
11228,0,0,0,0,0
11229,0,0,0,0,0
11230,0,0,0,0,0
11231,0,0,0,1,0
11232,0.1666667,1,0.666666667,0,0
11233,0,0.4,0,0,0
11234,1,1,0,0,0
11235,0,0,0,0,0
11236,0.1428571,0,0.666666667,0,0
11237,1,0,0,0,0
11238,0.6666667,0,0,0,0
11239,0,0,0,0,0
11240,0,0,0,0,0
11241,1,0,1,0,1
11242,0,0,0,0,0
11243,1,0,1,1,1
11244,0,0,0,0,0.666666667
11245,0.1666667,0,0.5,0,0.666666667
11246,0,0,0,0,0
11247,0,0,0,0,0
11248,0,0,0,0,0
11249,1,0,0,0,0
11250,1,0,0,0,0
11251,0,0,0,0,0
11252,0.6666667,0,0,0,0
11253,0,0,0,0,0
11254,0,0,0,0,0
11255,0,0,0,0,0
11256,1,0,0,0,0
11257,0.5,0,0,0,0
11258,0,1,1,0,1
11259,0,0,0,0,0
11260,1,0.6666667,0,0,0
11261,0.1428571,0.5,0,0,0
11262,0,0,0,0,0
11263,0,0,0,0,0
11264,0,0,0.666666667,0,0
11265,0,0,0,0,0
11266,1,0,0,0,0
11267,0,0,0,0,0
11268,0,0,0,0,0
11269,0,0,0,0,0
11270,0,0,0,0,0
11271,0,0.6666667,1,0,0
11272,0,0.6666667,0.666666667,0,0.666666667
11273,0,0,0,0,0
11274,1,0,0.666666667,0.5,1
11275,0,0,0,0,0
11276,0,0,0,1,0
11277,0,0,0,0,0
11278,0,0,0,0,0
11279,0,0,1,0.5,1
11280,0.6666667,0,0,0,0
11281,0,0,0,0,0
11282,0,0,0,0,0
11283,0,0,0.5,0,0
11284,0,0,0,0,0
11285,0,0,0,0,0
11286,0,0,0,0,0
11287,0,0,0,0,0
11288,0,0,0,0,0
11289,0.5,0,0,0,1
11290,0,0,0.666666667,0,0
11291,0,0,0,0,0
11292,0,0,0,0,0
11293,0,0.3333333,0,0,0
11294,0,0,0,0,0
11295,1,0,1,0,1
11296,0.1428571,0,0,0,0
11297,0.5,0,0,0,0
11298,0.1666667,0,1,0,0
11299,0.1666667,0,1,0,0.666666667
11300,0,0,0,0,0
11301,0,0,0,0,0
11302,0,0.3333333,0.666666667,0,1
11303,0,0,0.666666667,0,0
11304,0,0,0,0,0
11305,0,0,0,0,0
11306,0,0,0,0,0
11307,0,0,0,0,0
11308,0.25,0,0,0,0
11309,0.1,0,0,0,0
11310,0,0,0,0,0
11311,0,0,0,0,0
11312,0,0,0,0,0
11313,0.08333334,0,0,0,0
11314,0,0,0,0,0
11315,0,0,0,0,1
11316,1,0,0,0,0
11317,0,0,1,0,1
11318,0.4,0,0.666666667,0.5,0
11319,1,0,0,0,0
11320,0.4,0,0,0,0
11321,0,0,0,0,0
11322,1,0,0,1,0
11323,1,0,0,0,0
11324,0,0,0,0,0
11325,0,0,1,1,1
11326,0.1666667,0,0,0,0
11327,0,0,0,0,0
11328,0,0,0,0,0
11329,0,0,0,0,0
11330,0,0,0,0,0
11331,1,0,0,0,0
11332,0.3333333,0.6666667,0,0,0
11333,1,0,1,1,1
11334,0,0,0,0,0
11335,0.1666667,0,0,1,0
11336,1,0.5,0,0,0
11337,0,0,0,0,0
11338,0,0,0,0,0
11339,0,0,0,0,0
11340,0,0,0,0,0
11341,0,0,0,0,1
11342,1,0,0,1,0
11343,0,0,0,0,0
11344,0,0,0,0,0
11345,1,0,0,1,0
11346,0,0,1,0,1
11347,0,1,0,0,0
11348,0,0,0,0,0
11349,0,0,0,0,0
11350,0,0,0,0,0
11351,0,0,0,0,0
11352,0.6666667,0,0.666666667,0,0.666666667
11353,1,0,0,0,0
11354,0.1538462,0,0.5,0,0.666666667
11355,0.1666667,0,0,0,0
11356,0,1,1,0,0
11357,0,0,1,0,0
11358,0,0,0,1,0
11359,0,1,0.5,0,0.5
11360,0,0.6666667,0,0,0
11361,0.6666667,0,0.4,0,0
11362,0,0,0.666666667,1,1
11363,0,0,0,0,0
11364,0,0,0,0,0
11365,0,0,0,0,0
11366,0,0,0,0,0
11367,0,0,0,0,0
11368,0,0,0.666666667,0,0.666666667
11369,0.1666667,0,1,1,1
11370,0.3333333,0,0.5,0.666666667,0
11371,0,0,0,0,0
11372,0,0,1,0,0
11373,0,0,0,0,0
11374,0,0,0,0,0
11375,0.5,0,0,0,0
11376,0,0,0.666666667,0,0
11377,0.2857143,1,0,0,0
11378,0.2857143,0,0,0,0
11379,0.125,0,0,0,1
11380,0,0,0,0,0
11381,0,0,0,0,0
11382,0.4,0,0,0,0
11383,0,0,0,0,0
11384,0,0,0,0,0
11385,0,0,0,0,0
11386,0,0,1,1,0
11387,0,0,0.666666667,0,0.666666667
11388,1,0,0.666666667,0.666666667,0.666666667
11389,1,0,0,0,0
11390,0,0,0,1,0
11391,0.2222222,0,0,0,0
11392,0,0,0,0,0
11393,0,0,0,0,0
11394,0,0.6666667,0,0,0
11395,1,0,0,1,0
11396,0,0,0.666666667,1,0
11397,0,0,0,0,0
11398,0,0,0,0,0
11399,0,0,0,0,0
11400,1,0,0,0,1
11401,1,0,0,1,1
11402,0,0,1,0,0
11403,0,0,0.666666667,0,0.666666667
11404,0,0,0,0,0
11405,0,0,0,0,1
11406,0,0,0,0,0
11407,0,0,0,0,0
11408,0,0,0,0,0
11409,0,0,0,0,0
11410,0.1538462,0,0,0,0
11411,0,0,0,0,0
11412,0,0,0,0,0
11413,0.2857143,0,0,0,0
11414,0,0,0,0,0
11415,1,0,1,0,1
11416,0,0,1,0,0.666666667
11417,0,0,0,0,0
11418,0.1538462,0,0.666666667,0,0
11419,0,0,0,0,0
11420,0,0,0,0,0
11421,0,0,0,0,0
11422,0.1666667,0,0,1,0
11423,0,0,0,0,0
11424,0,0,0,0,0
11425,0,0,0,0,0
11426,0,0,0,0,0
11427,0,0,0,0,0
11428,0,0,0,0,0
11429,0,0,0,0,0
11430,0,0,0,0,0
11431,0,0,0,0,0
11432,0.06060606,0,0,0,0
11433,1,0,0,1,0
11434,0,0,0,1,1
11435,0,0,0,0,0
11436,0,0,0,0,0
11437,0,0,0,0,0
11438,0,0,0,0,0
11439,0.1333333,0,1,0,0
11440,0,0,0,0,0
11441,0.4,0,1,0,1
11442,0.1428571,0,0,0,0
11443,0,0,0,0,0
11444,1,1,1,0,0
11445,0,0,0,0,0
11446,0,0,0,0,0
11447,0,0,0,0,0
11448,1,0,0,0,0
11449,0,0,0,0,0
11450,0,0,1,0,1
11451,0,0,0.666666667,0,0
11452,0,0,0,0,0
11453,0,0,0,0,0
11454,0.09090909,0,0.5,0,0
11455,0,0,0,0,0
11456,0,0,0,0,0
11457,0,0,0,0,0
11458,0.1666667,0,0.5,0,0
11459,0,0,0,0,0
11460,0,0,0,0,0
11461,0,0,0,0,0
11462,0,0,0,0,0
11463,0,0,0,0,0
11464,0,0,0,0,0
11465,0,0,0,0,0
11466,0,0,0,0,0
11467,0,0.6666667,0,1,1
11468,0,0,0,0,0
11469,0,0,0,0,0
11470,0,0,0,0,0
11471,0,0,1,0,0
11472,0.1538462,0,0,1,1
11473,0,0,0,0,0
11474,0.125,0,0.666666667,0,0.666666667
11475,1,1,0.666666667,0,0
11476,0,0,0.5,0,0
11477,0,0,0,0,0
11478,0.1666667,1,1,0,0
11479,0,0,0,0,0
11480,0.1666667,0,0,0.666666667,0
11481,0,0,0,0,0
11482,0,0,0,0,0
11483,0.5,1,0,0,0
11484,0,0,0,0,0
11485,0,0.5,0,0,0
11486,0,0,0.666666667,0,0
11487,0,0,0,0,0
11488,0,0,0,0,0.666666667
11489,0,1,1,0,0
11490,0,0,0,0,0
11491,0.5,0,0,0,0
11492,0,0,0,0,0
11493,1,0,0,1,1
11494,0.1333333,0,0.666666667,0,0.666666667
11495,0,0,0,0,0
11496,0,0,0,0,0
11497,0,0,0,0,0
11498,0,0,0,0,0
11499,0,0,0,0,0
11500,1,0,1,1,1
11501,0.1666667,0,0,0,0
11502,0,0,0,0,0
11503,0,0,0,0,0
11504,0,0,0,0,0
11505,0,0,0,0,1
11506,0.5,0,1,0,0
11507,0,0,0,0,0
11508,0,0,0,0,0
11509,1,0,0,1,0
11510,0,0,0,0,0
11511,0,0,0,0,0
11512,0.1666667,0,0,0,1
11513,0,0,0,0,0
11514,1,0,0,0,0
11515,0.1666667,0,0,0,0
11516,0,0,0,0,0
11517,0.6666667,1,0,0,0
11518,1,1,0,0,0
11519,0.25,0,0,0,0
11520,0,0,0.666666667,0,0
11521,0,0,0,0,0
11522,0.5,0,1,0,0
11523,0.4,0.3333333,0,0,0
11524,0,0,0,0,0
11525,0,0,0,0.666666667,0
11526,1,0,0.666666667,0,0
11527,0,0,0,0,0
11528,0,0,0.666666667,0,0.666666667
11529,0,0,0,0,0
11530,0,0,0,0,0
11531,0.1666667,0,0,0,0
11532,0,0,0.666666667,0,0.666666667
11533,0,0,0,0,0
11534,0.1428571,0,0,0,0
11535,0,0,0,0,0
11536,0,0,0,0,0
11537,0.125,0,0,0,0
11538,1,0,1,1,1
11539,0,0,0,0,0
11540,0.3333333,0.6666667,0,0,0
11541,0,0,0,0,0
11542,0,0,0,0,0
11543,0,0,0,0,0
11544,0.4,0,0,0,0
11545,0,0,0,0,0
11546,0,0,0,0,0
11547,0.1666667,0,0,0,0
11548,0,0,0,0,0
11549,0,0,0,0,0
11550,0,0,0,0,0
11551,0,0,0,0,0
11552,0,0.6666667,0,0,0
11553,0,0,0,0,0
11554,0,0,1,0,0
11555,0,0,0,0,0
11556,0.1428571,1,1,0,0
11557,0,0,0,0,0
11558,0.08333334,0,0,0,0
11559,0,0,0,0,0
11560,0,0,0,0,0
11561,0,0,0,0,0
11562,0.1666667,0,0,1,0
11563,0,0,0,0,0
11564,0,0,0.666666667,0.666666667,0.666666667
11565,0,0,0,0,0
11566,0.04166666,1,0,0,0
11567,0,0,0,0,0
11568,0.1666667,0,0,1,0
11569,0,0.4,0,0,0
11570,0,0,1,0,1
11571,0,0,0,0,0
11572,0,0,0,0,0
11573,0,0,0,0,0
11574,0,0,0.5,0,0.666666667
11575,1,0,0,1,0
11576,0,0,0.666666667,0,0.666666667
11577,0.2,0,0,0,0
11578,0,0,0,0,0
11579,0,0,0,0,0
11580,0,0,0,0.666666667,0
11581,0,0,0,0,0
11582,0.08333334,0,0,0,0
11583,0,0,0,0,0
11584,0,0,0,0,0
11585,0.6666667,1,1,0,0
11586,0,0,0,0,0
11587,0.1666667,1,0,1,0
11588,0,0,0,0,0
11589,0,0,0,0,0
11590,1,0,0,1,0
11591,0.6666667,0,0,0,0
11592,0,0,0,0,0
11593,0,0,0,0,0
11594,0.6666667,0,0,1,0
11595,0,0,0,0,0
11596,0,0,0,0,0
11597,1,0,0,0,0
11598,0,0,0,0,0
11599,0,0,0,0,0
11600,1,0,0,0,1
11601,0,0,0,0,0
11602,0,1,0,0,0
11603,0,0,0,0,0
11604,0,0,0,0,0
11605,0,0.3333333,0,0,0
11606,0.2857143,0,0,0,0
11607,0,0,0,0,0
11608,0,0,0,0,0
11609,1,0,0,0,0
11610,0,0,0,0,0
11611,0,0,0,0,0
11612,0,0,0,0,0
11613,0,0,0,0,0
11614,0,0,1,0,1
11615,0,0,0.666666667,0.666666667,0.666666667
11616,0,0,0,1,0
11617,0,0,0,0,0
11618,0,0,0.666666667,0,0
11619,0,0,0,0,0
11620,0,0,0,0,0
11621,0,0,0,0,0
11622,1,0,1,1,1
11623,1,0,1,1,1
11624,0,0,0,0,0
11625,0,0,0,0,0
11626,1,0,0,0,0
11627,0.1666667,0,0.666666667,0,1
11628,0.1428571,0,0,0,0
11629,0,0,0,0,0
11630,0,0,0,0,0
11631,0,0,0,0,0
11632,0.1666667,0,0.666666667,0,0.5
11633,0.09090909,0,0,0,0
11634,0,0,0,0,0
11635,0,0,0,0,0
11636,0,0,0,0,0
11637,0,0,0,0,0
11638,0,1,0.666666667,0,0
11639,0,0,0,0,0
11640,0,0,0,0,0
11641,0,0,0.666666667,0,0.666666667
11642,0,0,0,0,0
11643,1,0,1,0,0
11644,0.1666667,0,0.666666667,0,0
11645,0,0,0,0,0
11646,0,0,1,0,0.666666667
11647,0,0,0,0,0
11648,0,0,0,0,0
11649,0,0,0.666666667,0,0.666666667
11650,0,0,0,0,0
11651,0.1538462,0,1,0,0
11652,0.1666667,0,0,0,0
11653,0,0.6666667,0,0,0
11654,0,0,0,0,0
11655,0.1176471,0,0,0,0
11656,0,0,0,0,0
11657,0,0,0,0,0
11658,0,0,0,0,0
11659,0,0,1,1,1
11660,0,0,0,0,0
11661,1,0,0,0,0
11662,1,0,0,0,0
11663,0,0,0,0,0
11664,0,0,0,0,0
11665,0,1,0,0,0
11666,0,0,0,0,0
11667,0.5,0,1,0,1
11668,0,0,0,0,0
11669,0,0,0,0,0
11670,0,0.4,0,0,0
11671,0,0,0,0,0
11672,0.1666667,0,0,0,0.666666667
11673,0,0,0.666666667,0,0.666666667
11674,0,0,0,0,0
11675,0,0,0,0,0
11676,0,0,0,0,0
11677,0,0,0,0,0
11678,1,0,0,0,0
11679,0,0.4,0,0,0
11680,0,0,0,0,0
11681,1,1,1,0,0
11682,0.6666667,0.6666667,0,0,0
11683,0,0,0,0,0
11684,0,0,0,0,0
11685,1,0,0,1,0
11686,0,0,0,0,0
11687,0.2222222,0,0.5,0.666666667,0
11688,0,0,0,0,0
11689,0,0,0,0,0
11690,0.6666667,0,0,1,0
11691,1,0,1,1,1
11692,0.2857143,0,0,1,0
11693,0,0,0,0,0
11694,0.1666667,0,0,0,0
11695,0.1428571,0,0,0,0
11696,1,0,0,0,0
11697,0,0,0,0,0
11698,0,0.4,0,0,0
11699,1,0,0,0,0
11700,0,0,0.666666667,0,0.666666667
11701,0.5,0,0,0,0
11702,0,0,0,0,0
11703,1,0,0,0,0
11704,0,0,0,0,0
11705,0,0,0,0,1
11706,0,0,0,0,0
11707,0,0,0,0,0
11708,1,0,0,0,0
11709,0,0,0,1,0
11710,0,0,0,0,0
11711,0,0,0,0,0
11712,0,0,0,0,0.5
11713,0,0,0,0,0
11714,0,0,0,0,0
11715,0,0,0,0,0
11716,0,0,0,0,0
11717,0,0,0,0,0
11718,0,0,0,0,0
11719,0,0,0,0,0
11720,0.6666667,0,0,0,0
11721,0,1,0,0,0
11722,1,0,0,0,0
11723,0,0,0,0,0
11724,0,0,0,0,0
11725,0,0,0,0,0
11726,0,0,0,0,0
11727,0.3333333,0,0,0,0
11728,0,0,0,0,0
11729,1,0,0,0,0
11730,0.6666667,0,0.5,0,0.666666667
11731,1,0,1,0,1
11732,1,0,0,0,0
11733,0,0,0,0,0
11734,0,0,0,0,0
11735,0,0,0,0,0
11736,0,0,0,0,0
11737,0,0,0,0,0
11738,0.1666667,0,0,1,1
11739,0,0,0,0,0
11740,0,0,0.666666667,0,0
11741,0,0,0,0,0
11742,0,0,0.666666667,0,0.666666667
11743,0,0,0,0,0
11744,0.4,0,0,0,0
11745,0,0,0,0,0
11746,0,0,1,1,1
11747,1,0,0,0,0
11748,0,0,0,0,0
11749,1,0,0,1,1
11750,1,0,1,0,0
11751,0,0,0.666666667,0,0.666666667
11752,0,0,0.666666667,0,0
11753,1,0,1,0,0
11754,0,0,0,0,0
11755,0.04545455,0,0,0,0
11756,0.1428571,0,0,0,0
11757,0.1538462,0,0,0,0
11758,1,0,1,0,0
11759,0,0,0,0,0
11760,0,0,0,0,0
11761,0,0,1,0,1
11762,0,0,0,0,0
11763,0,0,0,0,0
11764,0.25,0,0,0,0
11765,1,0,1,1,1
11766,1,0,0,0,0
11767,1,0,1,1,1
11768,0,0,0,0,0.666666667
11769,0,0,0,0,0
11770,0,0,0,0,0
11771,0,0,0,0,0
11772,0,0,0,0,0
11773,0.6666667,0,0,0,0.666666667
11774,0,0,0,0,0
11775,1,0,0,0,0
11776,0.3333333,0,0,0,0
11777,0.1666667,0,0.666666667,0,0
11778,0,0,0,0,0
11779,0.3333333,0,0,0,0
11780,0,0,0,0,0
11781,0,0,0,0,0
11782,0.5,0,0,0,0
11783,0.1538462,0,0,0,0
11784,0,0,1,0,0
11785,0.25,0,0,0,0
11786,0,0,0,0,0
11787,0,0,0,0,0
11788,0.1538462,0,0,0,0
11789,1,0,0,0,0
11790,0,0,0,0,0
11791,0,0,0,0,0
11792,0.4,0,0,0,0
11793,0,0,0,0,0
11794,0.5,0,0,0,0
11795,0,0,0,0,0
11796,0,0,1,0,1
11797,0,0,1,1,0.666666667
11798,0,0,0,0,0
11799,0,0,0,0,0
11800,0,0,0,0,0
11801,0,0.5,0,0,0
11802,0.1538462,0,0.666666667,0,0
11803,0,0,0,0,0
11804,1,0,0,0,0
11805,0,0,0.666666667,0.666666667,0.666666667
11806,0,0,0.666666667,0,0
11807,0,0,0,0,0
11808,0,0,0,0,0
11809,0,0,0,0,0
11810,0.4,0,0,0,0
11811,0,0,0,0,0
11812,0,0,0,0,0
11813,0,0,0.666666667,0,0
11814,0,0,0,0,0
11815,0,0,0,0,0
11816,0.1666667,0,0,0,0
11817,0,0,0,0,0.5
11818,0,0,0,0,0
11819,0,0,0,0,0
11820,0,0,0,0,0
11821,0.1,0,0,0.666666667,0.666666667
11822,0,0.6666667,0.666666667,0,0
11823,0,0,0,0,0
11824,0,0,0,0,0
11825,0,0,0,0,0
11826,1,0,0,1,0
11827,0,0,0.666666667,0,0
11828,0,0,0.666666667,0,0
11829,0,0,0,0,0
11830,0,0,0,0,0
11831,0,0,0,0,0
11832,0,0,0,0,0
11833,0,0,0,0,0
11834,0,0,1,0,1
11835,0,0,0,0,0
11836,0,0,0,0,0
11837,0,0,0,0,0
11838,0.25,0,0,0,0
11839,0,0,0,0,0
11840,0.5,1,0.666666667,0,0.666666667
11841,0.25,0.6666667,0,0,0
11842,0,0,0.666666667,0,0.666666667
11843,0.6666667,0,0.666666667,0,0
11844,0,0,0,0,0
11845,1,0,0.666666667,0,0.666666667
11846,0,0,0,0,0
11847,0,0,0,0,0
11848,1,0,0.666666667,0,0
11849,0,0,0,0,0
11850,0,0,0,1,0
11851,0,0.6666667,0,0,0
11852,0,0,0,0,0
11853,0,0,0,0,0
11854,0,0,0,1,1
11855,0,1,0,0,0
11856,0.2857143,0,0,0,0
11857,0,0,0,0,0
11858,0,0,0.666666667,0,0.666666667
11859,0.1666667,0,1,1,1
11860,0.6666667,0,0,0,0
11861,0,0,0,0,0
11862,0,0,0,0,0
11863,0.6666667,0,0,0,1
11864,0,0,0,0,0
11865,0.6666667,0,0,0,0
11866,0,0,0,0,0
11867,1,0,0,0,0
11868,0,0,0,0,0
11869,0,0,0,0,0
11870,0.1666667,0.5,0,1,0
11871,1,0,0,0,0
11872,0,0,0,0,0
11873,0,0,0,0,0
11874,0,0,0,0,0
11875,0,0,0,0,0
11876,0.25,0,0,0,0
11877,0,0,0,0,0
11878,0,0,1,0,1
11879,0.1333333,0,0,0,0
11880,0.5,0,1,0,1
11881,0,0,0,0,0
11882,0,0,0.5,0,0
11883,0,0,0,0,0
11884,1,0,0,0.666666667,0
11885,1,0,0,0,0
11886,0,0,0,0,0
11887,0,0,0,0,0
11888,0,0,0,0,0
11889,0.5,0,1,0,0
11890,0,0,1,1,1
11891,0,0,0.666666667,0,0.666666667
11892,0,0,0,0,0
11893,0,0,0,0,0
11894,0,0,0,0,0
11895,1,1,0,0,0
11896,0,0,0,0,0
11897,0,0,0,0,0
11898,0.4,0,0,0,0
11899,0,0,0,0,0
11900,0,0,0,0,0
11901,0,0,0,0,0
11902,1,0,0,0,0
11903,0,0,0,0,0
11904,0,0.5,0,1,0
11905,1,0,0.666666667,0,0
11906,0,0,0.666666667,0,0.666666667
11907,0,0,0,0,0
11908,1,0,0,0,0
11909,0,0,0,0,0
11910,1,0,0.666666667,0,0
11911,0,0,0,0,0
11912,1,0,0,0,0
11913,0,0,0,0,0
11914,0,0,0,0,0
11915,0,0,0,0,0
11916,1,0,0,1,1
11917,0,0,0,0,1
11918,1,0,0.666666667,0,0
11919,0,0,0,0,0
11920,0,0,0,0,0
11921,1,0,0,1,0
11922,0,0,0,0,0
11923,0,0,0,0,0
11924,1,0,1,1,1
11925,0,0,0,0,1
11926,0,0,0,0,0
11927,0,0,0,0,0
11928,0,0,0,0,0
11929,0,0,0,0,0
11930,0,0,0.666666667,0,0.666666667
11931,0,0,0,0,0
11932,0,0,0,0,0
11933,0,0,0,0,0
11934,0,0,0,0,0
11935,0,1,0,0,0
11936,1,0,1,0,1
11937,0.6666667,0,0.8,0,0.666666667
11938,0.1333333,0.5,0,1,0
11939,0,0,0,0,0
11940,0.5,0,0,0,0
11941,0,0,0,0,0
11942,0,0,0,0,0
11943,0,0.6666667,1,0,1
11944,0.1666667,0,0.5,0,0
11945,0,0,0,0,0
11946,0,0,0,0,0
11947,0,0,0,0,0
11948,0,0,0,0,0
11949,0,0,0,0,0
11950,0,0,0,0,0
11951,0,0,0,0,0
11952,0.4,0,0,0,0
11953,0,0,0.666666667,0,0
11954,0,0,0,0,0
11955,0.1176471,0,0,0,0
11956,0.4,0,0,0,0
11957,0,0,0,0,0
11958,0,0.5,0.666666667,0,0
11959,0,0,0,0,0
11960,0,0,1,0,0
11961,0,0,0,0,0
11962,0,0,0,0.666666667,0
11963,0,0,0,0,0
11964,1,0,0,1,0
11965,0,0,0,0,0
11966,0.1666667,0,0,0,0
11967,0.5,0,0,0,0
11968,1,0,0,1,0
11969,0.09090909,0,0,0,0
11970,0.1333333,0,0,0,0
11971,1,0,1,1,1
11972,0,0,0,0,0
11973,0,0,0,0,0
11974,0,0,0,0,0
11975,0.2857143,0,0,0,0
11976,0.1666667,0,0.5,0,0
11977,0.1333333,0,0,1,0
11978,0,0.3333333,0,1,0
11979,0,0,0,0,0
11980,0.0625,0,0.5,0,0
11981,0,0,1,0,1
11982,0,1,0,0,0
11983,0,0,0,0,0
11984,0,0,0,0,0
11985,0,0,0,0,0
11986,0,0,0,0,0
11987,0,0,0,0,0
11988,0,0,0,0,0
11989,0,0,1,1,1
11990,0.08000001,0,0,0,0
11991,0,0,0,1,0
11992,1,0,0,0,0
11993,0.6666667,0.3333333,0,0,0
11994,0,0,0,0,0
11995,0,0,0,0,0
11996,0,0,0,0,0
11997,0,0,0,0,0
11998,1,0.5,1,1,1
11999,0,0,0,0,0
12000,0,0,0,0,0
12001,0,0,0,0,0
12002,0,0,0,0,0
12003,1,0,0,0,0
12004,0,0,0,0,0
12005,0,1,0,0,0
12006,0,0,0.5,0,0
12007,0,0.3333333,0,0,0
12008,0,0,0.666666667,0,0
12009,0,0,0,0,0
12010,0,0,0,0,0
12011,1,1,1,0,1
12012,0,0,0,0,0
12013,0,0,0,0.666666667,0
12014,0.5,0,0,0,0
12015,0,0.3333333,0,0,0
12016,0,0,0,0,0
12017,0,0,0,0,0
12018,0.09090909,0,0.666666667,0,0.666666667
12019,0,0,0,0,0
12020,0.1666667,0,0,0.5,0
12021,0,0,0,0,0
12022,0,0,0,0,0
12023,0,0,0,0,0
12024,0,0,0,0,0
12025,0,1,0,1,0
12026,0,0,0,0,0
12027,0,0,0,0,0
12028,0,0,0,0,0
12029,1,0.5,0.666666667,0,0
12030,0,0,0,0,0
12031,0,0,0,0,0
12032,0,0,0,0,0
12033,0,0,0,0,0
12034,1,0,0,0,0
12035,0,0,0,0,0
12036,0.25,0,0,1,0
12037,0.04878049,0,0,0,0
12038,0.1666667,0,1,0,1
12039,0,0,0,0,0
12040,0,0,0.5,0,0.666666667
12041,0,0,0,0,0
12042,0,0,1,0,0.666666667
12043,0,1,0,0,0
12044,0,0,0,0,0
12045,0,0,0,0,0
12046,0,0,0,0,0
12047,0,0,1,0,0
12048,0,0,0,0,0
12049,0.05,0.5,0.666666667,0,0
12050,0.08695652,0,0,0,0
12051,0,0,0,0,1
12052,0,1,0,0,0
12053,0,0,0,0,0
12054,0,0,0,0,0
12055,0,0,0,0,0
12056,1,0,0,0,0
12057,0,0,0.666666667,0,0.666666667
12058,0,0,0,0,0
12059,0.125,0,0,0,0
12060,0.1666667,0,0,0,0
12061,0,0.5,0,0,0
12062,0,0,0,0,0
12063,0,0,0,0,0
12064,1,0,1,1,1
12065,0,1,0,0,0
12066,0,0,0,0,0
12067,1,0.5,0.666666667,0,0.666666667
12068,1,0,1,0,1
12069,0,0,0,0,0
12070,0.125,0,0,0,0.666666667
12071,0,0,0,0,0
12072,0,0.3333333,0,0,0
12073,0,0,0,0,0
12074,0,0,0,0,0
12075,0.1666667,0,0.666666667,0,0.666666667
12076,0.1666667,0,0,1,0
12077,0,0,0,0,0
12078,0,0,0,0,0
12079,0,0,0,0,0
12080,0,0,0,0,0
12081,0,0,0.666666667,0,0
12082,0,0,0,0,0
12083,0,0,1,0,0
12084,0,0,0,0,0
12085,0,0,0,0,0
12086,0,0,0,0,0
12087,0.5,0,0.666666667,0.666666667,0.666666667
12088,0,0,0,0,0
12089,0,0,0,0,0
12090,0,0,0,0,0
12091,0.1666667,0,1,0,1
12092,0,0,1,0,1
12093,0.05882353,0,0,0,0
12094,0,0,1,0,0
12095,0,0,0,0,0
12096,0,0,0,0,0
12097,0.6666667,0,0,0,1
12098,0.6666667,0,0,0,0
12099,0,0,0.666666667,0,0
12100,0.1666667,0,0,0,0
12101,0,0,0,0,0
12102,1,0,0,1,1
12103,0,0,0,0,0
12104,0,0.3333333,0,0,0
12105,0,0,0,0,0
12106,0,0,0,0,0
12107,0,0,0,0,0
12108,0,0,0,0,0
12109,0,0,0,0,0
12110,0,0,0,0,0
12111,0.6666667,0.6666667,1,0,0
12112,0.1666667,0,0,0,0
12113,0,0,0,0,0
12114,0,0,0,0,0
12115,0,0.6666667,0,0,0
12116,0,0,0,0,0
12117,0,0,0.666666667,0.666666667,0.666666667
12118,0.1666667,0,1,0,1
12119,0,0,0,0,0
12120,0,0,0,0.666666667,0
12121,0,0,0,0,0
12122,0,0,0,0,0
12123,0,0,0,0,0
12124,0,0,0,1,0
12125,0,0,0,0,0
12126,1,0,1,0,0
12127,0.1,0,0,0,0
12128,0,0.6666667,0,0,0
12129,1,0,0,0,0
12130,0,0,0,0,0
12131,0,0,0,0,0
12132,0,0,0,0,0
12133,0,0,0,0,0
12134,1,0,0,0,0
12135,0,0,0,0,0
12136,1,0,1,1,1
12137,0,0,0,0,0
12138,0,0,0.666666667,0,0
12139,0,0,0,0,0
12140,1,0,1,0,1
12141,0,0,0,0,0
12142,0,0,0,0,0
12143,0,0,0,0,0
12144,0,0,0,0,0
12145,0,0,0,0,0
12146,0,0,0,0,0
12147,0,0,0,0,0
12148,0.1666667,0.6666667,0.5,0,0.666666667
12149,0,0.4,0,0,0
12150,0,0,0,0,0
12151,0.1666667,0.4,0,0.666666667,0
12152,0.3333333,0,0,0,0
12153,0,0,0,0,0
12154,0.1666667,0,0.5,0,0
12155,0.2222222,0,0,0,0
12156,0.6666667,0,1,0,0
12157,1,0,0.5,0,0
12158,0,0,0,0,0
12159,0,0,0,0,0
12160,0.07142857,0,1,0,0.666666667
12161,0.1538462,0,1,1,1
12162,0,0,0.666666667,0,0.666666667
12163,1,0.6666667,0,0,0
12164,0,0,0,0,0
12165,0,0,0,0,0
12166,0,0,0,0,0
12167,0,0,1,0,0.666666667
12168,1,0,0,1,0
12169,0,0,0,0,0
12170,0.2222222,0,0,0,0
12171,0,0,0,0,0
12172,0.2857143,0.3333333,0,0,0
12173,0.4,0,1,0,1
12174,0.2,0.3333333,0,0,0
12175,1,0,0,1,1
12176,0,0,0,0,0
12177,0,0,0,0,0
12178,0.1818182,0,0,0,0
12179,0,0,0.666666667,0.666666667,0.666666667
12180,0,0.5,0.666666667,0.666666667,0.666666667
12181,1,0,0,0,0
12182,1,0,0,0,0
12183,0,0,0,0,0
12184,0.1538462,1,1,0,0.666666667
12185,0,0,0,0,0
12186,0,0,0,0,0
12187,0,0,0,0,0
12188,0.3333333,0,1,0,0
12189,0,0,0,0.666666667,0
12190,1,0,1,0,1
12191,0.4,0,1,0,1
12192,0.06666667,0,0,0,0
12193,0.6666667,1,1,0,0
12194,0,1,0.666666667,0.5,0.666666667
12195,0,0,1,0,0
12196,0,0,0,0,0
12197,0,0,0,0,0
12198,0,0,0,0,0
12199,0,0,0,0,0
12200,0,0,0,0,0
12201,1,0,0,0,0
12202,0,0,0.666666667,0,0.666666667
12203,0,0,1,1,1
12204,1,0,1,1,1
12205,0,0,0,0,0
12206,0,0,0,0,0
12207,1,0,0,1,1
12208,1,0,0,0,0
12209,0,0,0,0,0
12210,0,0,0,0,0
12211,0,0,0,0,0
12212,0,0,0,0,0
12213,1,0.6666667,1,1,1
12214,0,0.6666667,0,0.666666667,0
12215,0,0,0,0,0
12216,0,0,0,0,0
12217,0,0,0,0,0
12218,0,0,0,0,0
12219,1,0,1,1,1
12220,0,0,0,0,0
12221,1,0,0,0,0
12222,0.1666667,0,0,0,0
12223,0,0,0,0,0
12224,0,0.5,0,0,0
12225,0,0,0,1,1
12226,0,0,0,0,0
12227,0.3333333,0,1,0,1
12228,0.3333333,0.3333333,0,1,1
12229,0,0,0.666666667,0,0
12230,0,0,0,0,0
12231,0,0,0,0,0
12232,1,0,0,0,0
12233,0,0,0,0,0
12234,0,0,0,0,0
12235,0.6666667,0,0,0,0
12236,0,0,0,0,0
12237,0,0,0,0,0
12238,0,0,0,0,0
12239,1,0,1,1,1
12240,0,0,0,0,0
12241,0.2857143,0,0,0,0
12242,0,0,0,0,0
12243,0.3333333,0,0,0,0
12244,0.6666667,1,0,0,0
12245,0.1333333,0,0.666666667,0.666666667,0
12246,0,0,0,0,0
12247,0,0,0,0,0
12248,0,0,0,0,0
12249,0,1,0,0,0
12250,0,0,0,0,0
12251,0,0,0,0,0
12252,0,0,0,0,0
12253,0,0,0.5,0,0
12254,0,0,0,0,0
12255,0,0,0,0,0
12256,0.5,0,0,0,0
12257,1,0,1,0,0
12258,0,0,0,0,0.666666667
12259,0,0,0,0,0
12260,1,0,0,1,0.666666667
12261,0,0,0,0,0
12262,1,0,1,0,0
12263,0,0,0,0,0
12264,0.1666667,1,0,0,0
12265,0,0,0,0,0
12266,0,0,0,0,0
12267,0,0,0,0,0
12268,0,0,0,0,0
12269,0,0.5,0,0,0
12270,0,0,0,0,0
12271,1,1,0,1,0
12272,0,0,0,0,0
12273,0.6666667,0,0,0,0
12274,0,0,0,0,0
12275,0.1666667,1,0.666666667,0,0
12276,0,0,0,0,0
12277,0,0,0,0,0
12278,0.6666667,0,0,0,0
12279,0,0,0,0,0
12280,0,0,1,1,1
12281,0,0,0,0,0
12282,0,0,0,0,0
12283,0,1,1,0,1
12284,0,0,0,0,0
12285,0,0,0.666666667,0,0
12286,0,0,0,0,0
12287,0,0,0,0,0
12288,1,0,0,0,0
12289,0,0,0,0,0
12290,0,0,0,0,0
12291,0,0,1,0,1
12292,0,0,0.666666667,0.666666667,0.666666667
12293,1,0,0,0,0
12294,0,0,1,0,0
12295,1,0,0.5,0,0
12296,0,0,0,0,0
12297,1,1,0,0,0
12298,0,0,0,0,0
12299,1,0,0,0.666666667,0
12300,0,0,0,0,0
12301,0,0,0,0,0
12302,0,0,0,0,0
12303,0.5,0,0,0,0
12304,0.6666667,0,0,0,0
12305,0,0,0,0,0
12306,0.1666667,0,0,0,0
12307,0,0,0,0,0
12308,0,0,0,0,0
12309,0,0,0,0,0
12310,0.6666667,1,0,0,0
12311,0.3333333,0,0,0,0
12312,0.6666667,0,0,0,0
12313,0.1538462,0,0.5,0.666666667,0
12314,0.08695652,0,0,0,0
12315,0.4,0.6666667,0,0,0
12316,0,1,0,0,0
12317,0,0,0.666666667,0,0
12318,0,0,0,0,0
12319,0,0,0,0,0
12320,1,0,0,1,1
12321,0,0,1,0,1
12322,0.25,0,0,0,0
12323,0,1,0,0,0
12324,0,0,0,0,0
12325,0.1666667,0,0,0,0
12326,0,0,0,0,0
12327,0,0,0,0,0
12328,0.1666667,0.6666667,0,0,0
12329,0,0,0.666666667,0,0.666666667
12330,0,0,0,0,0
12331,0,0,0,0,0
12332,0,0,0,0,0
12333,0,1,0,0,0
12334,0,0,0,0,0
12335,0.1428571,0,0,1,1
12336,0.1428571,0,0.666666667,0,0.666666667
12337,0,0,0,0,0
12338,1,0,0,0,0
12339,0,0.5,0,0,0
12340,0,0,0,0,0
12341,0.5,0,0,0,0
12342,0,0,0,0,0
12343,0,0,1,0,1
12344,0,0,0,0,0
12345,0,0,0,0,0
12346,0,0,0,0,0
12347,0,0,0,0,0
12348,1,0,0,0,0
12349,0.2,0.3333333,0,0,0
12350,0,0,0,0,0
12351,0,0,0,0.666666667,0
12352,0,0,0,0,0
12353,0,0,1,0,1
12354,0,0.3333333,0,0,0
12355,1,0,0,0,0
12356,0,0,0,0,0
12357,1,0,0.666666667,0,0
12358,0,0,0,1,0
12359,1,0,0,0,1
12360,1,0,1,0,0
12361,0.1666667,0,0.5,0.5,0
12362,0,0,0,0,0
12363,0,0,0,0,0
12364,0,0,0,0,0
12365,0,0,0,0,0
12366,0,0,0,0,0
12367,0,0,0,0,0
12368,0.1666667,0,1,0,0.666666667
12369,0,0,0,0,0
12370,0,0,0,0,0
12371,0,0.5,0,0,0
12372,1,0,0,0,0
12373,0,0,1,0,1
12374,0,0,0,0,0
12375,0.3333333,0,0.333333333,0,0.666666667
12376,0,0,0,0,0
12377,1,0,0,0,0
12378,0,0,0,0,0
12379,1,0,0,0,0
12380,0.1666667,1,0,1,0
12381,1,0,0.666666667,0.666666667,0.666666667
12382,0.06896552,0,0,0,1
12383,1,0,0.666666667,0,0
12384,0,0,0,0,0
12385,0,0,0,0,0
12386,0,0,0,0,0
12387,0,0,0,0,0
12388,0,0,0,0,0
12389,0.2,0.6666667,0,0,0
12390,0,0,0,0,0
12391,0.1666667,0,0,0,0
12392,0,0,0,0,0
12393,0,0,0,0,0
12394,0.4,0,0,1,0
12395,0,0,0,0,0
12396,0,0,0,1,0
12397,0.4,0,0,0,0
12398,0,0,0,0,0
12399,1,0,1,0,1
12400,0.1666667,0,0.666666667,0,0
12401,0.6666667,0,0.666666667,0.5,0.666666667
12402,0.6666667,0,0,0,0
12403,0,0.6666667,0,0,0
12404,0,0,0,0,0
12405,0.09090909,0,0,0,0
12406,1,0,0.666666667,1,1
12407,0,0.6666667,1,0,0
12408,0,0,0,0,0
12409,0,0,0,0,0
12410,0,0,0,0,0
12411,1,0,1,0,1
12412,0.1538462,0,0,0,0
12413,0,0,0,0,0
12414,1,0,0,0,0
12415,0,0.4,0,0,0
12416,0,0,0,0,0
12417,1,0,1,1,1
12418,0,0,0,0,0
12419,0.5,0,1,0,1
12420,0,0,0,0,0
12421,0,1,0,0,0
12422,0.1666667,0,1,0,0.666666667
12423,0.3333333,0.4,0.666666667,0.666666667,0.666666667
12424,0,0,0.666666667,0,0.666666667
12425,0,0,0,0,0
12426,0,0,1,0,1
12427,0,0,0,0,0
12428,0,0,0.666666667,0,0.666666667
12429,1,0,0.5,0,0
12430,0,0.6666667,1,1,1
12431,0,0,0,0,0
12432,0,0,0,0,0
12433,0,0,0,0,0
12434,0.1666667,0.6666667,0.666666667,0,0.666666667
12435,1,0,0.666666667,0,0
12436,0,0.6666667,0.666666667,0,0
12437,1,0,1,0,1
12438,0.1666667,0.5,0.666666667,0,0.666666667
12439,0,0,0,0,0
12440,0,0,0,0,1
12441,0.1538462,0,0,0,0
12442,0,0,0.666666667,0,0.666666667
12443,0,0,0.666666667,0,1
12444,1,1,0,1,0
12445,0,0,0,0.666666667,0
12446,0,0,0,0,0
12447,0.5,0,0.666666667,0.666666667,0.666666667
12448,0,0,0,0,0
12449,0,0,0,0.666666667,0
12450,0.1111111,0,0,0,0
12451,1,0,0,0,0
12452,0,0,0,0,0
12453,0,0,0.666666667,0,0.666666667
12454,0,0,0.666666667,0,0.666666667
12455,0,0,0,0,0
12456,0,0,0,0,0
12457,0,0.3333333,0.666666667,0,0.666666667
12458,0,0,0,0,0
12459,0,0,1,0,0
12460,0,1,0.666666667,0,0.666666667
12461,0,0,1,0,0.666666667
12462,0.6666667,0,0,0,0
12463,0,0,0,0,0.666666667
12464,0,0,1,0,0
12465,0.5,0,0.666666667,0,0.666666667
12466,1,0,0,0,0
12467,1,0,0,0,0
12468,0,0,0,0,0
12469,1,0,0,1,1
12470,0,0,0.666666667,0,0.666666667
12471,0,0,0.5,0,0
12472,0,0,0,0,0
12473,0.1666667,0.3333333,0,0,0
12474,0.1666667,0,1,0.5,1
12475,0.1666667,0,1,0,0.666666667
12476,1,0,0,0,0
12477,0,0,0,0,0
12478,0,0,0,0,0
12479,0,0,1,1,0
12480,0.09090909,0,1,0,0
12481,0,0,0,0,0
12482,0,0,1,0,0.666666667
12483,0.1538462,0,0.666666667,0,0.666666667
12484,0,0,0,0,0
12485,0,0,0,0,0
12486,0,0,0,0,0
12487,0,0,0,0,0
12488,0,0,0,0,0
12489,0.4,0,0,0,0
12490,0,0,0,0,0
12491,0,0,0,0,0
12492,0.09090909,0,0,0,0
12493,0,0,0,0,0
12494,0.1176471,0,0.666666667,0,0.666666667
12495,0,0,0.666666667,0.666666667,0.666666667
12496,0,0,0,0,0
12497,0,0,0,0,0
12498,1,0,0.666666667,0.5,1
12499,0.6666667,0,0,0,0
12500,0,0,0,0,0
12501,1,0,1,0,0
12502,0,0,0,0,0
12503,0.1538462,0,1,0,0
12504,1,0,1,1,1
12505,0,0,0.666666667,0.666666667,0.666666667
12506,0,0,0,0,0
12507,1,0,0,0,1
12508,0.1538462,0,0.666666667,0.666666667,0.666666667
12509,0.1538462,0,0,0,0
12510,0.1666667,0,0,0,0
12511,0,1,0,0,0
12512,0,0.6666667,0.666666667,0,0.666666667
12513,0,0,0.5,0,0
12514,0.1666667,0,0,0,0
12515,0,0.3333333,0,0,0
12516,0,0,0,0,0
12517,0,0,0,0,0
12518,1,0,0.666666667,0,1
12519,0,0,0.666666667,0,0
12520,0.1666667,1,0.666666667,0,0
12521,0.09090909,0,0,0,0
12522,0,0,0,0,0
12523,1,0,0,1,1
12524,0.1538462,0,0,0,0
12525,0,0,0,0,0
12526,0,0,0,0,0
12527,0,0,0.666666667,0,0.5
12528,0,0,0,0,0
12529,0,0,0.5,0,0.666666667
12530,0,0,0.666666667,0,0.5
12531,0.4,1,0,0,0
12532,0.1666667,0,1,0,0
12533,0.25,0,0.666666667,0,0
12534,0,0,0,0,0
12535,0,0.3333333,0,0,0
12536,0,0,0.666666667,0.666666667,0.666666667
12537,0,1,0,0,0
12538,0,0,0,0,0
12539,0,0.5,0,0,0
12540,0,0,0,0,0
12541,0,0,0,0,0
12542,0,0,0,0,0
12543,1,1,1,0,1
12544,1,0,1,1,1
12545,1,1,0.666666667,0.666666667,0
12546,1,0.6666667,0,0,1
12547,0.1333333,0,0,0,0.666666667
12548,0,0,0,0,0
12549,0,0,0,0,0
12550,1,0.6666667,1,1,1
12551,0.1666667,0,0,0,0
12552,0.2222222,0,0,0,0
12553,0,0,0,0,0
12554,1,0,0.666666667,0.666666667,0.666666667
12555,1,0,0,0.666666667,0.666666667
12556,1,0,0.666666667,0,1
12557,0,0,0.666666667,0.666666667,0.666666667
12558,0.1538462,0,0,0,0
12559,0.5,0,0,0,0
12560,0,0,0,0,0
12561,0.4,0,0,0,0.5
12562,1,0,0.666666667,0,0.666666667
12563,0.5,0,1,0.666666667,0.666666667
12564,0.09090909,0.6666667,0,0,0
12565,0.1052632,0,1,0,0
12566,0.6666667,0,0,0,0
12567,0,0,0,0,0
12568,0,0,1,1,1
12569,1,0.6666667,1,0,1
12570,1,1,0,1,1
12571,1,0,0,1,0
12572,1,0,0.666666667,0,0.666666667
12573,0,1,0.5,0,0
12574,0,0,0.5,0.666666667,0.666666667
12575,1,0.6666667,0,0.666666667,0
12576,0.3333333,1,0.666666667,1,1
12577,0.5,0,0,1,0
12578,0,0,0,0,0
12579,0.5,0,0,1,0
12580,1,0,1,0,0
12581,0.2857143,0,0,0,0
12582,1,1,0,0,0
12583,1,0,0,0,0
12584,0,0,0,0,0
12585,0.1111111,0.6666667,0,0.666666667,0
12586,1,0,1,0,0
12587,1,0,1,0,1
12588,0,0,0.666666667,0,0
12589,0,0,1,0,1
12590,0,0,0,0,0
12591,1,0,1,1,0
12592,0.08695652,0.6666667,0,0,0
12593,1,0,0.666666667,0,0.666666667
12594,0.1666667,0,0.5,0,0.666666667
12595,0,0,0,0,0
12596,0.5,0,0.8,0.666666667,0.666666667
12597,1,1,0.5,0,0
12598,1,0,0.666666667,0,0
12599,0.1176471,0,0.5,0,0
12600,0,0,1,0,1
12601,0,0,0,0,0.666666667
12602,0,0,0.666666667,0,0.666666667
12603,1,0,1,0,0
12604,1,0,0.4,0.666666667,0.666666667
12605,0,0,1,0,0
12606,0.4,1,0.666666667,0.666666667,0.666666667
12607,0,0,0,1,0
12608,0,0,0,0,0
12609,0,0,0,0,0
12610,0.08695652,0,0,0,0
12611,0.06060606,0,0.666666667,0,0
12612,0,0,0.5,0.666666667,0.666666667
12613,0,0,0.5,0,0
12614,1,0,0,0,0
12615,0,0,0,0,0
12616,1,0,0,0,0
12617,0.1666667,0,0.666666667,0,0.666666667
12618,0,1,0,0,0
12619,0,0,0.666666667,0,0.666666667
12620,0,0,0,0,0
12621,0,0,0,0.666666667,0
12622,0,0,0,0,0
12623,0,0,0,0,0
12624,0,0,0,0,0
12625,0.125,0,0.5,0,0
12626,1,1,0,0,0
12627,0,0,0,0,0
12628,0.1666667,0.6666667,0,0,0
12629,0,0,0,0,0
12630,0.08333334,0,0.5,0,0
12631,0.1666667,0,0,0,0.666666667
12632,0.1428571,0,0,0,0
12633,1,0,1,1,1
12634,0,0.3333333,0,0,0
12635,0,0,0.666666667,0,0
12636,0,0,0,0,0
12637,0,0,0.666666667,0.666666667,0.666666667
12638,0.1666667,0,0.5,0,0
12639,0,0,0,0,0
12640,1,0,0,1,0
12641,0,0,0.5,0.666666667,0.666666667
12642,0,0,0.666666667,0,0.666666667
12643,0,0,0,0,0
12644,0.1666667,1,0,1,1
12645,1,0,0,0,0
12646,0.1666667,0,0,0,0
12647,0,0,0,0,0
12648,0,0,1,0,0.666666667
12649,0.1666667,0,0,0,0
12650,0,0,0,0,0
12651,0.6666667,0,0,0,0
12652,0,0,0,0,0
12653,0,0.6666667,0,0,0
12654,1,0,0,0,0
12655,0,0,0,0,0
12656,0,0,0,0,0
12657,0,0,0,0,0
12658,0,0.5,0,0,0
12659,0,0,0,0,0
12660,0,0,0,0,0
12661,0,1,0,0,0
12662,0.6666667,0,0,0,0
12663,0,0,0,0,0
12664,1,0,0,0,0
12665,1,0,0,0,0
12666,0,0,0,0,0
12667,1,0,1,1,1
12668,0,0,0,0,0
12669,0,0,0,0,0
12670,0,0,0.666666667,0.666666667,0
12671,0,0,0.5,0,0
12672,0,0,0,0,0
12673,1,0,0,1,0
12674,0,1,0.666666667,0,0
12675,0.04761904,0.5,0,0,0
12676,0,0,0,1,0
12677,0,0,0,0,0
12678,1,0,1,1,0
12679,0,0.5,0.666666667,0,0.666666667
12680,0,0,0,0,0
12681,0,0,0,0,0
12682,0,0,0,0,0
12683,0.09090909,0,0,0,0
12684,0,0,0.666666667,0,0
12685,0.6666667,0,0,0,0
12686,0.1666667,0,1,0,1
12687,1,0,1,0,1
12688,0,0,0,0,0
12689,0,0,0,0,0
12690,1,0,0,0,0
12691,0.1666667,0,1,1,1
12692,1,0,1,0,0.666666667
12693,0,0,0,0,0
12694,0,0,0,1,0
12695,1,1,0,0,0
12696,0,0,0,0,0
12697,0,1,0,1,0
12698,0,0,0.666666667,0,0
12699,0,0,0,0,0
12700,0.09090909,0,0,0,0
12701,0.125,0,0.666666667,0,0.666666667
12702,0,0,0,0,0
12703,1,0,1,1,1
12704,0,0,0.666666667,0,0
12705,0,0,0,0,0
12706,0,0,0,0,0
12707,0,0,0,0,0
12708,0,0,0,0,0
12709,0,0,0,0,0
12710,0,0,0.666666667,0,0.666666667
12711,0,0,0,0,0
12712,0,0,0,0,0
12713,0,0,1,0,1
12714,0,0,0,0,0
12715,0.09090909,0,0.666666667,0,0
12716,1,0,0,0,1
12717,0.07142857,0,0,0,0
12718,0,0,0,0,0
12719,0,0,1,0,0
12720,0,0,0,0,0
12721,1,0.3333333,0,1,0
12722,1,0,0,0,0
12723,0,0,0,0,0
12724,0,0,1,0,1
12725,1,0,0,0,0
12726,1,0,0,0.666666667,0
12727,1,1,0,1,0
12728,1,1,1,1,1
12729,1,0,0.666666667,0,0.666666667
12730,0,0,0,0,0
12731,0,0,0,0,0
12732,0,0,0,0,0.666666667
12733,0,0,0,0.666666667,0
12734,1,0,0.5,0.666666667,0.666666667
12735,0.2857143,0,0,0,0
12736,1,1,0,0,0
12737,0,0.5,0,0,0.666666667
12738,0.0625,0,0.666666667,0.666666667,0.666666667
12739,1,0,0.666666667,0.666666667,0.666666667
12740,0,0.3333333,0.666666667,0,0.666666667
12741,0,1,0,0.666666667,0
12742,1,0,1,0,1
12743,1,0,0,0,0
12744,1,0,0,0.666666667,0.666666667
12745,0,0,0,0,1
12746,0,0,0,1,0
12747,1,0,1,0,1
12748,0.6666667,0,0,0,0
12749,0.1666667,0,0,0,0
12750,0.5,0,0,0,0
12751,0,0,0.8,0,0.666666667
12752,0,0,0,0,0
12753,0,0,0,0,0
12754,0.5,0,0,0,0
12755,0,0,0,0,0.666666667
12756,0,0.6666667,0,0,0
12757,0,0,0,0,0
12758,0,0,1,0,1
12759,0,0,0,0,0
12760,1,0,0.666666667,0,0
12761,0,0,0.666666667,0,0.666666667
12762,0,0,0,0,0
12763,0,0,0,0,0
12764,0,0,0,0,0.666666667
12765,0,0,1,0,0
12766,1,0,0,0,0
12767,0.6666667,0,0.666666667,0,0
12768,1,0,1,1,1
12769,0,0,0,0,0
12770,0,0,1,0,1
12771,0,0,0.5,0,0
12772,0,0,0,0,0
12773,1,1,0.666666667,1,1
12774,0,0,0.666666667,0.666666667,0.666666667
12775,0,0,0.666666667,0.666666667,1
12776,0.1666667,0,0.666666667,0.666666667,0
12777,0,0,0,0,0
12778,0,0,0.666666667,0,0
12779,0,0,0.666666667,0,0.666666667
12780,0,0,1,0,1
12781,0.3333333,1,0,0,0
12782,0,0,0,0,0
12783,0,0,0,0,0
12784,0.1666667,0,1,0,0
12785,1,0,1,1,1
12786,0,0,0,0,0
12787,0,0,1,0.666666667,0.666666667
12788,0.1666667,0,1,1,1
12789,0,0.6666667,0.666666667,0,0
12790,0,0,0,0,0
12791,0.1666667,0,1,1,1
12792,0,0,0,0,0
12793,1,0,1,0,0
12794,0,0,0,0,0
12795,1,0,1,1,1
12796,0.1333333,0,0,0,0
12797,0,0,0.666666667,0,0.666666667
12798,0,0,0,0,0
12799,0,0,0,0,0
12800,0.1428571,0,0.666666667,0.666666667,0.666666667
12801,0,0,0,0,0
12802,1,0,0,0,0
12803,0.08695652,0,0,0,0
12804,0,0,0,0,0
12805,0.06451613,0,0.5,0.5,0.5
12806,0,0,1,0,0
12807,0.07407407,0,0,0,0
12808,0,0,0,0,0
12809,0,0.6666667,0.666666667,0.666666667,0.666666667
12810,1,0,0,1,0
12811,0.1818182,0,1,0,0
12812,0.1666667,0,0,0,0
12813,0.09090909,0,0.5,0,0
12814,0,0,0,0,0
12815,1,0,0,0,0
12816,0,0,0,0,0
12817,0,0,0,0,0
12818,1,0,1,0,1
12819,0,0,0.666666667,0,0.666666667
12820,0.125,0,0.5,0,0
12821,0,0,0,0,0
12822,0,0.5,1,1,1
12823,0,0,1,0,1
12824,0,0,0,0,0
12825,0,0,0,0,0
12826,0,0,0.666666667,0.666666667,0.666666667
12827,0,0,0,0,0
12828,0,0,0,0,0
12829,0,0,0,0,0
12830,0,0,0,0,0
12831,0,0,0,1,0
12832,1,0,0,0,0
12833,0.5,0.3333333,0.666666667,0.666666667,0.666666667
12834,0,0,1,0,1
12835,0.6666667,0,0,0,0
12836,0,0,0.8,0,0.666666667
12837,0,0,0,0,0
12838,0,0.3333333,0,0.666666667,0.666666667
12839,0.1666667,0,0,0,0
12840,1,0,1,0,1
12841,1,0,1,1,1
12842,1,0,1,0,0
12843,1,0,1,0,1
12844,0,0,0.666666667,0,0.666666667
12845,0.1666667,0,1,0,0
12846,1,0,0.666666667,0.666666667,0.666666667
12847,0,0,0.666666667,0,1
12848,0.1176471,0,0,0,0
12849,0,0,0,0,0
12850,0,0,0,0,0.666666667
12851,0,0,0,0,0
12852,0.1818182,0,0,0,0
12853,0.1538462,0,0,0,0
12854,0,0,0,0,0
12855,0,0,0,0,0
12856,0.1666667,0,0.666666667,0,0
12857,0,1,0,0,0
12858,0,0,0,0,0
12859,1,0,1,0,0
12860,0,0,0,0,0
12861,0,0,0,0,0
12862,0.6666667,0,0.666666667,0,0
12863,0,0,0,0,0
12864,0.1666667,0,0,0,0
12865,1,0,0,0,0
12866,1,0,0,0,0
12867,0,0,0,0,0
12868,0,0.4,0,0,0
12869,1,0,0.666666667,0,0
12870,0,0,0,0,0
12871,0,0,0,0,0
12872,0,0,0,0,0
12873,0,0,1,0,0.666666667
12874,0.5,0,1,0,0
12875,0.09090909,0,0,0,0
12876,1,0,0,0,0
12877,0,0,0,0,0
12878,0.125,0,0,0,0
12879,1,0,1,0,1
12880,0,0,0.666666667,0,0.666666667
12881,0,0,0,0,0
12882,1,0,0.666666667,0,1
12883,0,0,0.666666667,0.666666667,0.666666667
12884,0,0,0,0,0
12885,0,0,0,0,0
12886,0,0,0,0,0
12887,0,0,0.666666667,0.666666667,0
12888,1,0,0,0.666666667,0
12889,0.1666667,1,0,0,0
12890,0.08000001,0,0.4,0.666666667,0.666666667
12891,0,0,0,0,0
12892,0.1428571,0,0,0,0
12893,1,0,1,1,1
12894,1,0,0.666666667,1,1
12895,1,0,0.666666667,0,0.666666667
12896,0,0,1,0,1
12897,1,0,0.5,0.666666667,0.666666667
12898,0,0,0,0,0
12899,0.1428571,1,1,0,1
12900,0,0,0,0,0
12901,0,0.5,0,0,0
12902,0,0,1,0,0
12903,0,0.3333333,0,0,0
12904,0,0,0,0,0
12905,1,0,1,1,1
12906,0,0,0.5,0.666666667,0
12907,0,0,0,0.666666667,0
12908,0,0,0.666666667,1,1
12909,0.1666667,0,0.666666667,0,0.666666667
12910,1,0,1,1,1
12911,0.1333333,0,0.666666667,0,0.666666667
12912,0.2857143,0,1,1,1
12913,0.5,0,0,0,0
12914,0,0,0,0,0
12915,0.5,0,0,0,0
12916,0.5,0,0,0,1
12917,0,0,0,0,0
12918,0.1666667,0,0,0,0
12919,0,0.6666667,0,0,0
12920,0,1,0,0,1
12921,0,1,0,0,0
12922,0,0,0.666666667,0,0.666666667
12923,0,0,1,0,1
12924,1,0,0,0,0
12925,0,0,1,0,0
12926,1,0,1,1,1
12927,0,0,0,0,0
12928,0,0,0,0,0
12929,0.1666667,0,1,0,0
12930,0,0.4,0,0,0
12931,0,0,0.666666667,0,0
12932,0,0,0,0,0
12933,0,0,1,0,0
12934,0,0,0,0,0
12935,0.2857143,0,0,0,0
12936,0,0,0,0,0
12937,0.1666667,0,0,0,0
12938,0,0,0,0.666666667,0
12939,0.1538462,0,0,0,0
12940,0.5,0,0,0,0
12941,0,0,0,0,0
12942,0,0,0,0,0
12943,0,0,0,0,0
12944,0,0,0,0,0
12945,0,0,0,0,0
12946,1,0,1,0,1
12947,0.1666667,0,0,0,0
12948,0,0,0,1,0
12949,0,0,0,0,0
12950,0,0,0,0,0
12951,0,0,1,0,0.666666667
12952,0,0,1,0,1
12953,0,0,0.5,0.666666667,0.666666667
12954,0,0,0,0,0
12955,0,0,0,0,0
12956,0,0,0,0,0
12957,0,0,0,0,0
12958,1,0,0,0,0
12959,1,0,0,0,0.666666667
12960,0,0.6666667,0,0,0
12961,0,0,0.666666667,0,0.666666667
12962,0.09090909,0,0,0,0
12963,0,0,0.4,0,0
12964,0,0,0,0,0
12965,0.1666667,0,0.666666667,0,0
12966,0,0,0,0,0.5
12967,0,0,0.666666667,0.666666667,0.666666667
12968,0,0.4,0,0,0
12969,0,0,0,0,0
12970,0,0,0,0,0
12971,0.6666667,0,0.5,0.666666667,0
12972,0.4,0,0.8,0,0.666666667
12973,0,0,0,0,0
12974,0.6666667,0,0,0,0
12975,0,0,0.666666667,0,0.666666667
12976,1,0,0.4,0.666666667,0.666666667
12977,0,0,0.666666667,0,0
12978,0,0,0,0.666666667,0.666666667
12979,0,0,0,0,0
12980,0,0,0,0,0
12981,1,0,0,0,0
12982,1,0,0,1,0
12983,0,0,0,0,0
12984,0,0.5,0,0,0
12985,0.1538462,0,0,0,0
12986,0,0,0.666666667,0,0
12987,1,0,0.666666667,0,0
12988,1,0,0,0,0
12989,0,0,0,0,0
12990,0,0,0.666666667,0,0.666666667
12991,0,0,1,0,1
12992,0.05714286,0,0,0,0
12993,1,0,0,0,0
12994,1,0,0,0,0
12995,1,0,0.666666667,0,0
12996,0.09090909,0,0,0,0
12997,1,0,0,0,0
12998,1,0,1,0,0
12999,0,0,0,0,0
13000,0.0625,0.6666667,0,0,0
13001,0,0,0,0,0
13002,0.2857143,0,0.666666667,0,0.666666667
13003,0,0,0,0,0.666666667
13004,0,0,0,0,0
13005,1,0,1,0,1
13006,0,0,0,0,0
13007,1,1,0,0,0
13008,0.1052632,0,0.666666667,1,1
13009,0,0,0,0,0
13010,1,0,0,1,0
13011,0.08695652,0,0.666666667,0,0
13012,1,0,1,1,1
13013,0,0,0,0,0
13014,0,0.4,0.666666667,0,0.666666667
13015,0,0,0,0,0
13016,0.0625,0.5,0,0,0
13017,0,0,0.666666667,0.666666667,0.666666667
13018,1,1,1,0,1
13019,1,0,0,0,0
13020,0,1,0.666666667,0,0
13021,1,0,0,0,0
13022,1,1,0.666666667,0,0.666666667
13023,0,0.4,0,1,1
13024,0,0,0,0,0
13025,0,0,0,0,0
13026,1,0,1,0,0
13027,0,0,0.666666667,0,0.666666667
13028,0,0,0.5,0,0.666666667
13029,0,0,0,0,0
13030,1,0,0.666666667,0,0.666666667
13031,0,0,0,1,0
13032,0,0,0,0,0
13033,1,0,0,0,0
13034,0,0,0,0,0
13035,0.04761904,0,1,0,0
13036,0,0,0,0,0
13037,0,0,1,0,1
13038,0,0,0,0,0
13039,0,0,0,0,0
13040,0,0.6666667,0,0,1
13041,0.1538462,0,0,0,0
13042,0.1666667,0,0.666666667,0,0
13043,0,0,0.666666667,0,0
13044,0,1,0,0,0
13045,0,0,0.5,0,0.666666667
13046,1,0,1,1,1
13047,1,0,0,0,0
13048,0.09090909,0.6666667,0,0,0
13049,0,0,0,0,0
13050,0,0,0.666666667,0.666666667,0.666666667
13051,0.1538462,0,0,0,0
13052,0.6666667,0,1,0,0
13053,0,0,0,0,0
13054,1,0,0,1,0
13055,0,0,0,0,0
13056,0,0,0.666666667,0,0
13057,0,0,0.5,0,0.5
13058,1,0,0,0,0
13059,0,0,0,0,0.666666667
13060,0,0,0.5,0,0
13061,1,0,1,1,1
13062,1,0,1,0,1
13063,1,0,0,1,1
13064,1,0,0,0,0
13065,0,0.6666667,0.666666667,0.666666667,0.666666667
13066,0.5,0,1,0,0
13067,0,0,0.666666667,0.666666667,0
13068,1,0,0,0,0
13069,1,0,0,1,0
13070,0,0,0,0,0
13071,0.1176471,0,0,0,0
13072,0,0,0,0,0
13073,0.09090909,0,0.5,0,0
13074,0.1538462,0,0.666666667,0.666666667,0.666666667
13075,0,0,0,0,0
13076,0,0.6666667,1,0,1
13077,1,0,0,1,0
13078,1,0,1,0,1
13079,0,0.6666667,0.666666667,0,0.666666667
13080,0.6666667,0,0,1,1
13081,0,0,0,0,0
13082,1,0,0,0,0
13083,0.1428571,0,0,0,0
13084,0.6666667,0,0.666666667,0,0.666666667
13085,1,0,0,0,0
13086,1,0,0.666666667,0.666666667,0.666666667
13087,0,0,0,0,0.666666667
13088,0,0,0,0,0
13089,0,0,0,0,0
13090,0,0,0,0,0
13091,1,0,1,0,1
13092,1,0,0.666666667,0.666666667,0.666666667
13093,0,0,0,0,0
13094,0,0,0,0,1
13095,0,0,0,0,0
13096,1,0,1,0,0
13097,0,0,1,0,1
13098,0.1538462,0,1,0,0.666666667
13099,0,0,0,0,0
13100,0,0.4,1,1,1
13101,0,0,0,0,0
13102,0.1666667,0,0,0,0
13103,0.1666667,0,0,0,0
13104,1,0,0,0,0
13105,1,0,0,1,0
13106,0,0,0.5,0,0.5
13107,1,0.6666667,1,1,1
13108,1,0.4,1,1,1
13109,0,0,0,0,0
13110,0,0,0,0,0
13111,0,0.3333333,0,0,0
13112,0,0,0.666666667,0,0.666666667
13113,0,0,0,0,0
13114,0.1666667,0,0.666666667,0,0
13115,1,0,0,0,0
13116,0,0,0,0,0
13117,0,0,0.666666667,0,0.666666667
13118,0.1538462,1,0,0,0
13119,1,0,0,1,1
13120,0,0,0,0,0
13121,0,0,0,0,0
13122,0.1666667,0,0,0,0
13123,0,0,0,0,0
13124,0,0,0,0,0
13125,1,0,0,1,0
13126,0,0,0,0,0
13127,0,0,0,0,0
13128,0,0,0.666666667,0,0
13129,0,0,0.5,0.666666667,0.666666667
13130,0,0.5,1,1,1
13131,0,1,0,0,0
13132,0.6666667,0,0.666666667,0.666666667,0.666666667
13133,0,0,0,0,0
13134,0,0,0.666666667,0.666666667,0
13135,0,0,0.666666667,0,0
13136,0,0,0,0,0
13137,0,0,0.5,0,0.666666667
13138,0.1666667,0,0,0,0
13139,0,0.4,0.666666667,0.666666667,0.666666667
13140,0,0,0,0,0
13141,0.1666667,0.6666667,1,0,0.666666667
13142,0,0,0,0,0
13143,0.2857143,0,0,0,0
13144,0,0,0,0.5,0.666666667
13145,0.1666667,0,0,0,0
13146,0.5,0,0,0,0
13147,0,0,0,0,0
13148,0,0,0,0,0
13149,0.6666667,0.6666667,0.5,0,0
13150,0,0,0,0,0
13151,1,0,0,0,0
13152,0,0,0,0,0
13153,0,0,0.666666667,0,0.666666667
13154,0.1666667,0,0.4,0,0.666666667
13155,0,0,0,1,1
13156,1,0,0.5,0,0
13157,1,0,0,0,0.666666667
13158,0,0,0,0,0
13159,0,0,0,0,0
13160,1,0,0,0,0
13161,1,0,0.666666667,0,0
13162,0,0,0.666666667,0,0.666666667
13163,1,0,0.666666667,0,0
13164,0,0,0,0,0
13165,0,0,0.666666667,0,1
13166,0,0,0.666666667,0,0
13167,0,0,0,0.666666667,0
13168,0.1538462,0.6666667,1,0,1
13169,0,0,0,0,0
13170,0.1666667,0,1,0,0
13171,0.09090909,0,0.666666667,0,0.666666667
13172,0,0,0,0,0
13173,0.6666667,0,0,0,0
13174,0,0.5,0,1,1
13175,0,0,0,0,0
13176,0,0,0,0,0
13177,0.5,0,1,0.666666667,0.666666667
13178,0,0,0,0,0
13179,1,1,1,1,1
13180,0.1538462,0,0,0,0
13181,0.1052632,0,0,0,0
13182,1,0,0,0,0
13183,1,0,0,0,0
13184,1,0,1,0,1
13185,0,0.6666667,0,1,1
13186,0,0,0,0,0
13187,0,0,0,0,0
13188,0,0,0.666666667,0.666666667,0.666666667
13189,0,0,0,0,0
13190,0,0,0,0,0
13191,1,0.6666667,0.666666667,0,0
13192,0,0,0,0,0
13193,0,0,0,0,0
13194,0,0,0.666666667,0,0.666666667
13195,0,0,1,0,0
13196,0.1428571,0,0,0,0
13197,0,0,0.666666667,0,0.666666667
13198,0,0,0,0,0
13199,0,0,1,0,0
13200,0,0,0,0,0
13201,0,0,0,0,0
13202,0,0,0,0,0
13203,0,0,0,0,0.666666667
13204,0,0.6666667,0,0,0
13205,0,0.6666667,0,0,0
13206,1,0.6666667,1,1,1
13207,0,0,0.666666667,0,0
13208,0,0,0,0,0
13209,0,0,0,0,0
13210,0.1666667,0,1,0,1
13211,1,0,1,0,0
13212,0.6666667,0,0,0,0
13213,0.6666667,0,0,0,0
13214,1,0,0,0,0
13215,0,0,0,0,0.666666667
13216,1,0,1,1,1
13217,0,0,0,0.666666667,0
13218,0,0,0,0,0
13219,1,0,1,0,1
13220,0,0,0,0,0
13221,0.1666667,1,0,0,0
13222,0,0,0,0,0
13223,0,0.4,0,1,0
13224,0,0,0.666666667,0,0
13225,0.5,0,1,0,0
13226,1,0,1,0,0
13227,1,0,0.666666667,0,0.666666667
13228,0,0,0.5,0,0
13229,0,0,0.666666667,0,0.666666667
13230,0,0,0,0,0
13231,0,0,0,0,0
13232,0,0,0,0.666666667,0
13233,0.5,0,0,0,0
13234,0.25,0.6666667,0,0.5,0
13235,0.09090909,0,0,0,0
13236,0.1666667,0,0,0,0
13237,1,0,1,0,1
13238,0.1666667,0,0,0.666666667,0
13239,0.09090909,0,1,0,0
13240,0.1428571,0,0,0.666666667,0
13241,0.09090909,0.3333333,0.666666667,0,0
13242,0.1538462,0,0,0,0
13243,1,0,0,0,0
13244,0,0,0,0,0
13245,0,0,1,1,1
13246,1,0,0,0,0
13247,0.1666667,0,0,1,0
13248,0.1666667,0,1,0,0
13249,0,0,0.5,0,0
13250,0,0,0,0,0
13251,0.6666667,0,0,0,0
13252,0,0,0,0,0